time,emo
0.0,2.654707263427079
0.00023419203747066615,2.6435572143385806
0.0004683840749414272,2.6323992680248653
0.0007025761124121957,2.6211986568301273
0.0009367681498828544,2.6105712487690047
0.0011709601873536228,2.5998809144885393
0.0014051522248242816,2.604175328278062
0.00163934426229505,2.59712164564725
0.0018735362997658112,2.5863240288764007
0.00210772833723647,2.5760283113649325
0.0023419203747072383,2.5665545632586206
0.0025761124121780068,2.5568360006014585
0.0028103044496486655,2.546585553571218
0.003044496487119434,2.5365467906109145
0.003278688524590093,2.5273450503346515
0.003512880562060854,2.5190787586418124
0.0037470725995316224,2.5100018915615427
0.003981264637002282,2.500956038357653
0.00421545667447305,2.4940511009528428
0.004449648711943811,2.8111969617563854
0.0046838407494144765,2.8006867438251875
0.004918032786885238,2.79183719945372
0.005152224824355904,2.7841081073125866
0.005386416861826665,2.7734367578114933
0.005620608899297433,2.7664887699969523
0.005854800936768092,2.759187827613821
0.006088992974238861,2.9529257150586607
0.006323185011709622,2.9433757083576593
0.006557377049180281,2.9330434218383297
0.006791569086651049,2.924698996062017
0.007025761124121708,2.9139428497507875
0.007259953161592476,2.9056385127446367
0.007494145199063245,2.8960787163095554
0.007728337236533904,2.8862636872753953
0.007962529274004664,2.8860536133381043
0.00819672131147533,2.945117767234732
0.008430913348946092,2.942081719177623
0.00866510538641686,2.9343522272072313
0.00889929742388752,2.9241804471951878
0.009133489461358288,2.9135896361035276
0.009367681498829048,2.904230827621788
0.009601873536299715,2.9012586580012996
0.009836065573770475,2.89115192807827
0.010070257611241135,2.881171360550352
0.010304449648711904,2.870909157359135
0.010538641686182671,2.861615685990776
0.01077283372365333,2.8542744908600763
0.011007025761124098,2.844480142443094
0.01124121779859486,2.8344948654829647
0.011475409836065518,2.8248224189017943
0.011709601873536287,2.8148885681634552
0.011943793911006946,2.8050811797687487
0.012177985948477714,2.7952952805574585
0.012412177985948476,2.7884602833370202
0.012646370023419142,2.7791381047588377
0.012880562060889902,2.7698210174324323
0.013114754098360671,2.7608094338614544
0.013348946135831338,2.751780528570483
0.013583138173302091,2.7472680280300983
0.01381733021077286,2.7379627503831006
0.014051522248243525,2.7289842633203687
0.014285714285714294,2.71989709573005
0.014519906323184945,2.7131222231845915
0.014754098360655714,2.781313492631928
0.014988290398126483,2.7746431608269337
0.015222482435597134,2.765529292386907
0.015456674473067903,2.7571432824755973
0.015690866510538568,2.755552229717939
0.015925058548009338,2.7621699891018716
0.016159250585480105,2.753475937258491
0.016393442622950758,2.745020522901399
0.016627634660421525,2.7365515034195877
0.016861826697892292,2.7284178124806413
0.017096018735362945,2.7198426030629967
0.017330210772833712,2.7112524536571554
0.01756440281030438,2.7030833013837388
0.017798594847775146,2.6951104400755415
0.018032786885245903,2.686775224141151
0.018266978922716566,2.6783843179372084
0.018501170960187337,2.669782303934883
0.018735362997658104,2.6614740715999687
0.018969555035128757,2.6531398663369656
0.019203747072599524,2.6477437217679842
0.01943793911007019,2.639536060967854
0.019672131147540958,2.632248730740442
0.019906323185011714,2.6348098951474226
0.020140515222482377,2.626744539184619
0.020374707259953148,2.6186136186395865
0.020608899297423797,2.6109478342880474
0.020843091334894568,2.60297339125334
0.021077283372365335,2.5950502130095976
0.021311475409836002,2.5876064163395642
0.021545667447306755,2.5798535270679928
0.021779859484777522,2.572489311814516
0.02201405152224819,2.564763656806083
0.02224824355971896,2.5575146519332472
0.022482435597189713,2.5507551998905464
0.02271662763466038,2.761385716088643
0.022950819672131147,2.7534025669903324
0.0231850117096018,2.7453929673977684
0.023419203747072567,2.738464879694693
0.023653395784543334,2.731237525802285
0.023887587822014,2.723321355026758
0.02412177985948477,2.7155725962778177
0.024355971896955524,2.7075058758469117
0.02459016393442619,2.699761270370648
0.024824355971896958,2.692217566936131
0.02505854800936761,2.684554291749063
0.025292740046838378,2.677255823402056
0.025526932084309145,2.66980868089668
0.025761124121779812,2.6621136500856966
0.025995316159250565,2.6544594848795096
0.026229508196721336,2.647656268369674
0.026463700234192002,2.6408214060328383
0.02669789227166277,2.633320747674881
0.026932084309133422,2.6264813614546156
0.02716627634660419,2.619143081489092
0.027400468384074957,2.6119178092190665
0.027634660421545623,2.6046230741994494
0.027868852459016377,2.601942660012224
0.028103044496487043,2.594983490027643
0.02833723653395781,2.588002328701507
0.02857142857142858,2.5816928499761813
0.028805620608899234,2.5758039053598174
0.02903981264637,2.5690604142665796
0.029274004683840768,2.5619616882150638
0.02950819672131142,2.555629688723599
0.029742388758782188,2.548835301686934
0.029976580796252855,2.54217356574527
0.03021077283372362,2.5361399432950993
0.03044496487119438,2.5316523944110454
0.03067915690866504,2.524771040160162
0.030913348946135812,2.518027259028055
0.03114754098360658,2.5152093437706924
0.03138173302107723,2.5088336280874426
0.031615925058548,2.5023309976438957
0.03185011709601867,2.715408073427944
0.03208430913348943,2.9377538727030488
0.03231850117096019,2.9303457042486576
0.032552693208430857,2.9225119956061976
0.03278688524590162,2.9147259989186667
0.03302107728337239,2.9070878194852745
0.033255269320843044,2.899767739971465
0.033489461358313814,2.8927809954802757
0.033723653395784474,2.8860147511974703
0.03395784543325523,2.878789346440553
0.034192037470726,2.8721865014695847
0.03442622950819667,2.8651121355060885
0.03466042154566743,2.8583943383981323
0.03489461358313819,2.851384080754619
0.035128805620608855,2.844681606148416
0.03536299765807962,2.8447657973306533
0.035597189695550285,2.8375669342006695
0.03583138173302104,2.8303781663424235
0.03606557377049181,2.8233943842885925
0.03629976580796248,2.816427106912885
0.03653395784543324,2.809274247619397
0.036768149882904,2.802251293496874
0.037002341920374666,2.7957306753750686
0.03723653395784543,2.788853303790793
0.03747072599531608,2.7818315285831527
0.037704918032786854,2.7748092767825563
0.037939110070257624,2.7715840620499583
0.03817330210772829,2.7650962871966898
0.03840749414519904,2.75834441276062
0.03864168618266981,2.7515948492576756
0.03887587822014048,2.7447580665351428
0.03911007025761124,2.7379290392026228
0.039344262295081894,2.731249819309049
0.039578454332552665,2.724482423932495
0.039812646370023436,2.718169704171026
0.0400468384074941,2.7125623482384795
0.04028103044496485,2.706329004908834
0.04051522248243562,2.6997142853550913
0.04074941451990629,2.698877928014191
0.04098360655737705,2.692843411683966
0.041217798594847706,2.6885863026850294
0.041451990632318476,2.6835130568341694
0.04168618266978925,2.6843964745132984
0.04192037470725989,2.6779312495340832
0.042154566744730664,2.6716847164301147
0.04238875878220133,2.6654719672021976
0.0426229508196721,2.6597683958103104
0.042857142857142864,2.653761192401807
0.04309133489461352,2.64767479048808
0.04332552693208429,2.64277489308931
0.04355971896955506,2.6366049518763366
0.043793911007025704,2.6304332652310913
0.044028103044496475,2.6665090734561767
0.04426229508196714,2.6629378073129293
0.04449648711943791,2.656977790715116
0.04473067915690866,2.6515794469531113
0.04496487119437933,2.653503729447764
0.0451990632318501,2.6497262736545655
0.04543325526932086,2.6439444049266414
0.045667447306791516,2.6393915158408037
0.045901639344262286,2.6335861895335544
0.04613583138173295,2.6325448058159475
0.04637002341920371,2.6269395764086436
0.04660421545667447,2.6217969289519245
0.04683840749414514,2.615924201617811
0.04707259953161591,2.6138351000130315
0.04730679156908656,2.6083950870508033
0.04754098360655733,2.6026698852243815
0.0477751756440281,2.596915154737352
0.048009367681498764,2.5926880741262495
0.048243559718969514,2.5934765201520666
0.048477751756440285,2.647019690988337
0.04871194379391095,2.6425065802471823
0.04894613583138172,2.642294084179758
0.04918032786885247,2.671232979337153
0.04941451990632314,2.665862678221152
0.04964871194379391,2.6616410142884828
0.04988290398126456,2.6587023283145856
0.050117096018735326,2.6546658675268215
0.050351288056206096,2.653650371074499
0.05058548009367676,2.648186524742403
0.050819672131147534,2.6428116089198794
0.05105386416861828,2.6412404525141984
0.05128805620608895,2.63643736279545
0.05152224824355972,2.6482049145346447
0.05175644028103037,2.6426553500605605
0.05199063231850114,2.6369678303802657
0.05222482435597191,2.6319095349393917
0.052459016393442574,2.635385100083472
0.05269320843091333,2.6530605656814745
0.052927400468384095,2.64764522118932
0.05316159250585476,2.6422853858920345
0.05339578454332553,2.6368561819231777
0.053629976580796185,2.6314927282784137
0.05386416861826695,2.6260604770054967
0.05409836065573772,2.620672867389173
0.05433255269320837,2.616918811910035
0.05456674473067914,2.613852663825701
0.054800936768149906,2.6276679581736246
0.05503512880562057,2.6221949907804656
0.055269320843091344,2.617451453218743
0.055503512880561996,2.6125635990060823
0.05573770491803276,2.607138111923086
0.05597189695550353,2.6046180626219835
0.05620608899297418,2.6039669785665738
0.056440281030444954,2.6013202300950646
0.056674473067915614,2.5965225172879065
0.056908665105386384,2.5916699865203063
0.05714285714285714,2.58945508844772
0.05737704918032781,2.585266134578929
0.05761124121779857,2.5803748230886088
0.05784543325526934,2.581427515951317
0.058079625292739995,2.5761176236813017
0.05831381733021076,2.5729353744003016
0.058548009367681425,2.5677274530807326
0.058782201405152196,2.5625053416958616
0.05901639344262295,2.5573613815620226
0.05925058548009362,2.5532758726821956
0.05948477751756438,2.548818850915111
0.059718969555035153,2.5522215786832216
0.059953161592505806,2.5513578383479887
0.06018735362997657,2.5464495094218367
0.060421545667447236,2.5416794991551663
0.06065573770491799,2.558890441187144
0.060889929742388764,2.554323497451008
0.06112412177985943,2.549651581533013
0.061358313817330194,2.545692881110532
0.06159250585480095,2.540795668835931
0.06182669789227162,2.590272935918424
0.06206088992974238,2.586054384716368
0.062295081967213034,2.586467531091479
0.0625292740046838,2.59788358928398
0.06276346604215458,2.592946441614983
0.06299765807962524,2.5882243925060906
0.063231850117096,2.5836233180514965
0.06346604215456676,2.5964157377366837
0.06370023419203742,2.5918237669984014
0.06393442622950819,2.6217683266522505
0.06416861826697885,2.616839951971069
0.06440281030444961,2.644323251617619
0.06463700234192038,2.650859524889888
0.06487119437939105,2.6471364784108253
0.06510538641686181,2.6429076235704114
0.06533957845433257,2.6382824251804347
0.06557377049180324,2.7558069749107035
0.06580796252927401,2.750722078073651
0.06604215456674466,2.745432328366322
0.06627634660421543,2.740233555773685
0.06651053864168618,2.735642624038008
0.06674473067915686,2.730544232922791
0.0669789227166276,2.727692411931016
0.06721311475409839,2.723376693078983
0.06744730679156906,2.7182885999991973
0.06768149882903982,2.7131299221855696
0.06791569086651048,2.710491603290103
0.06814988290398123,2.7055451808346196
0.06838407494145202,2.7006391404218584
0.06861826697892265,2.69623553138286
0.06885245901639343,2.700001132522856
0.06908665105386409,2.6957680804732154
0.06932084309133485,2.6912581217812823
0.0695550351288056,2.686279982627889
0.06978922716627628,2.681651127186056
0.07002341920374705,2.6776035200416244
0.07025761124121781,2.677642471924825
0.07049180327868848,2.672936421228558
0.07072599531615922,2.806756801642473
0.0709601873536299,2.8016994223656444
0.07119437939110068,2.796923891825952
0.07142857142857144,2.79206229989099
0.0716627634660421,2.7876256504581756
0.07189695550351285,2.7851149901634455
0.07213114754098364,2.7803010153410037
0.07236533957845427,2.7754825319233785
0.07259953161592506,2.7705893707111438
0.07283372365339572,2.765971964907497
0.07306791569086647,2.7610138425877224
0.07330210772833723,2.7560902679372683
0.07353629976580789,2.7513016958145795
0.07377049180327867,2.7468335969519306
0.07400468384074943,2.743346475412312
0.0742388758782201,2.7385923575298543
0.07447306791569085,2.7339898117604013
0.07470725995316152,2.7291137553226816
0.07494145199063228,2.874741184422613
0.07517564402810306,2.8697508089162325
0.07540983606557372,2.865961498466166
0.07564402810304448,2.8611760959850567
0.07587822014051523,2.857177572633928
0.0761124121779859,2.8606587166774577
0.07634660421545668,2.855644854801117
0.07658079625292731,2.8507028212793157
0.0768149882903981,2.8457475521085
0.07704918032786885,2.852539589401255
0.07728337236533951,2.8483823010074225
0.07751756440281027,2.843619055560701
0.07775175644028105,2.8387991645076722
0.07798594847775173,2.834167562531531
0.07822014051522247,2.831178116610867
0.07845433255269314,2.826441981944014
0.0786885245901639,2.823126527692394
0.07892271662763468,2.8189517835558555
0.07915690866510534,2.8142093367698537
0.0793911007025761,2.8180258214462057
0.07962529274004676,2.8134286741721355
0.07985948477751752,2.810524860986667
0.0800936768149883,2.8061370513933634
0.08032786885245906,2.9309059394085852
0.08056206088992972,2.92614683923258
0.08079625292740047,2.9211814668155225
0.08103044496487113,2.9164873561862708
0.08126463700234192,2.9116531760706166
0.08149882903981268,2.9069113579395847
0.08173302107728335,2.906544167700055
0.08196721311475409,2.9018804854986944
0.08220140515222477,2.8980911362736723
0.08243559718969552,2.895916200401468
0.0826697892271663,2.8933206051231326
0.08290398126463697,2.896471017489325
0.08313817330210772,2.891745425006054
0.08337236533957848,2.8870909291891933
0.08360655737704914,2.882348009104086
0.08384074941451992,2.8776326291877052
0.08407494145199058,2.8728642965595497
0.08430913348946134,2.8681059556993302
0.0845433255269321,2.86342673586383
0.08477751756440276,2.859068384643917
0.08501170960187354,2.8545805621552836
0.0852459016393443,2.850193534433777
0.08548009367681497,2.8456691322237413
0.08571428571428572,2.9324090331496446
0.08594847775175639,2.927812620353518
0.08618266978922715,2.924076180991513
0.08641686182669792,2.9305379936598364
0.08665105386416859,3.026747027605117
0.08688524590163935,3.022360792284986
0.08711943793911009,3.017791541442436
0.08735362997658076,3.0131647332163753
0.08758782201405155,3.008429064201805
0.08782201405152218,3.0035911162990545
0.08805620608899296,2.9987780196999183
0.08829039812646372,2.9942514082097405
0.08852459016393438,2.989439598866509
0.08875878220140514,2.984897989298827
0.08899297423887581,2.9805607875352145
0.08922716627634658,2.9788790674401366
0.08946135831381734,2.9741556823473374
0.08969555035128801,2.969545729678442
0.08992974238875877,2.9648277754530405
0.09016393442622954,2.9601836974424782
0.09039812646370018,2.957672214411807
0.09063231850117097,2.9531170475221713
0.09086651053864171,2.9539961092277363
0.09110070257611239,2.9498691438288365
0.09133489461358314,2.945254859969532
0.0915690866510538,2.9406422536739085
0.09180327868852459,2.9362323012900915
0.09203747072599534,2.9316589273721068
0.092271662763466,2.9272961695952753
0.09250585480093676,2.9229986927306224
0.09274004683840743,2.9185663285550953
0.0929742388758782,2.9142428198530204
0.09320843091334896,3.0066250819697826
0.09344262295081963,3.0025370241800773
0.09367681498829038,2.9983219021371417
0.09391100702576105,2.993690569285327
0.09414519906323181,2.9904941041339903
0.09437939110070259,2.9890500806114577
0.09461358313817333,2.990269481317416
0.09484777517564401,2.9879965455777486
0.09508196721311477,2.9841101393155847
0.09531615925058542,2.980071370733428
0.09555035128805621,2.9764371463123958
0.09578454332552697,3.058114459822832
0.09601873536299763,3.059835640571273
0.09625292740046838,3.055248620321214
0.09648711943793906,3.0607279468845667
0.0967213114754098,3.0585351284663993
0.09695550351288058,3.053956777672616
0.09718969555035126,3.0498396600918847
0.097423887587822,3.045747329324738
0.09765807962529276,3.1058146675145077
0.09789227166276343,3.1011796742849915
0.09812646370023421,3.0965173029110127
0.09836065573770485,3.091924372995101
0.09859484777517563,3.087283250926062
0.09882903981264639,3.082687325244645
0.09906323185011705,3.078370206488718
0.0992974238875878,3.0738206796075316
0.09953161592505859,3.069337645087549
0.09976580796252925,3.0647310984650136
0.1,3.0601463501501285
0.10023419203747067,3.0558227372241276
0.10046838407494142,3.055323892994775
0.1007025761124122,3.0512108524262453
0.10093676814988288,3.0467546058939625
0.10117096018735362,3.042398717736071
0.10140515222482438,3.037922188316087
0.10163934426229505,3.033908600750843
0.10187353629976584,3.030045963244414
0.10210772833723647,3.027132714072975
0.10234192037470725,3.0228567084842046
0.10257611241217801,3.018734908234276
0.10281030444964867,3.0146258851756285
0.10304449648711943,3.0117777277707716
0.10327868852459009,3.0075640505000787
0.10351288056206087,3.003260575598161
0.10374707259953163,2.9996977979361787
0.10398126463700229,2.9979684240070137
0.10421545667447304,2.995576798976093
0.10444964871194383,2.9929879138910374
0.10468384074941446,2.988990789304185
0.10491803278688525,2.9846631435248976
0.105152224824356,2.980364082310442
0.10538641686182668,2.9762031652867327
0.10562060889929742,2.9720561572633066
0.10585480093676809,2.9678347415804938
0.10608899297423888,2.9637444420993466
0.10632318501170963,2.9599115181086715
0.1065573770491803,2.955702801828321
0.10679156908665105,2.951562120988736
0.10702576112412171,2.9473675526339784
0.1072599531615925,2.943550926133363
0.10749414519906325,2.9394654922490857
0.10772833723653391,2.9397782929568637
0.10796252927400467,2.935866903857761
0.10819672131147534,2.9321376607765197
0.10843091334894608,2.9280959137453673
0.10866510538641687,2.9241636502132047
0.10889929742388754,2.9201260077009485
0.1091334894613583,2.916362045343871
0.10936768149882904,2.9126874626943478
0.10960187353629972,2.908710914544628
0.1098360655737705,2.9048266928517554
0.11007025761124126,2.901217621692237
0.11030444964871192,2.897228082075293
0.11053864168618267,2.8933221561477853
0.11077283372365333,2.8892809682078733
0.11100702576112409,2.885443488594371
0.11124121779859487,2.881797815592231
0.11147540983606553,2.877783838223068
0.11170960187353629,2.8876150163118077
0.11194379391100705,2.8836664417480384
0.11217798594847771,2.8798077498056425
0.11241217798594849,2.8761715202830795
0.11264637002341914,2.8730817524471495
0.11288056206088992,2.869296076286925
0.11311475409836066,2.8722329014302472
0.11334894613583134,2.873279571701189
0.1135831381733021,2.871762784895742
0.11381733021077275,2.8680657810548946
0.11405152224824354,2.864598754949533
0.1142857142857143,2.861831145312533
0.11451990632318505,2.8698364203947273
0.11475409836065571,2.865987092149127
0.1149882903981265,2.8621702258740966
0.11522248243559716,2.8584030739422075
0.11545667447306791,2.8545391538428975
0.11569086651053867,2.8510056040803007
0.11592505854800933,2.885704899563027
0.11615925058548011,2.8819106449303926
0.11639344262295076,2.8790992579669195
0.11662763466042154,2.8754253656825552
0.11686182669789229,2.8722832735188386
0.11709601873536296,2.8685858643463558
0.11733021077283372,2.8660057080339194
0.11756440281030438,2.862336753049207
0.11779859484777516,2.8588249856495938
0.11803278688524592,2.855153118008176
0.11826697892271658,2.8520249064693557
0.11850117096018734,2.8484559273416323
0.11873536299765812,2.844848603369447
0.11896955503512875,2.8418046957340404
0.11920374707259954,2.841504685966464
0.1194379391100703,2.8382061097206974
0.11967213114754095,2.834806438958599
0.11990632318501171,2.831365560647531
0.12014051522248238,2.8276924684691225
0.12037470725995315,2.825772985929489
0.12060889929742391,2.8225462351429362
0.12084309133489458,2.8190232290800763
0.12107728337236534,2.815378067802699
0.121311475409836,2.81179531739227
0.12154566744730676,2.8081837775343
0.12177985948477754,2.804541027840606
0.1220140515222482,2.8009582637611707
0.12224824355971896,2.7976144115760944
0.12248243559718971,2.7943379079284947
0.12271662763466037,2.794275295571315
0.12295081967213116,2.7909636659265638
0.12318501170960183,2.787546285090462
0.12341920374707258,2.7844041279225085
0.12365339578454333,2.781190460767677
0.123887587822014,2.777787603578671
0.12412177985948478,2.774227196354085
0.12435597189695553,2.770965938864021
0.1245901639344262,2.767567902010126
0.12482435597189695,2.7641445545126864
0.1250585480093676,2.7609095612256147
0.12529274004683838,2.77644381330296
0.12552693208430915,2.838569610413302
0.12576112412177984,2.8354615216229266
0.12599531615925058,2.832563564206151
0.12622950819672132,2.8368076285216612
0.126463700234192,2.8332487514692573
0.12669789227166278,2.8296613349715094
0.12693208430913341,2.8262222092602434
0.1271662763466042,2.8257732079382425
0.12740046838407496,2.822218644210243
0.12763466042154561,2.8188111467624823
0.12786885245901639,2.815243529649527
0.12810304449648705,2.811677637182131
0.12833723653395782,2.8081859568222973
0.1285714285714286,2.80465402306349
0.12880562060889933,2.8011501034018798
0.12903981264637,2.797681286083101
0.1292740046838408,2.794202167292403
0.12950819672131142,2.7907225961749167
0.1297423887587822,2.7872483143627744
0.12997658079625296,2.783868797657453
0.13021077283372362,2.7866225658682153
0.13044496487119436,2.783180017082718
0.13067915690866505,2.7797014754854
0.13091334894613582,2.7762732939661774
0.1311475409836066,2.772889563935894
0.13138173302107725,2.7695837899516547
0.131615925058548,2.7662359863568273
0.13185011709601865,2.7637997706287685
0.13208430913348945,2.760657162834421
0.1323185011709602,2.757326258874947
0.13255269320843086,2.7573734050064886
0.13278688524590163,2.754122710410872
0.13302107728337229,2.751025328112519
0.13325526932084303,2.748027010114302
0.13348946135831383,2.7464551982274363
0.13372365339578457,2.7431487749938968
0.13395784543325526,2.740058404010745
0.134192037470726,2.736817017679163
0.13442622950819666,2.733642431335181
0.13466042154566746,2.730583249706017
0.1348946135831382,2.727276837049217
0.13512880562060886,2.724118897064379
0.13536299765807963,2.7213032853146637
0.1355971896955503,2.718120510709764
0.13583138173302103,2.7149137470350873
0.13606557377049183,2.7118849011243378
0.1362997658079625,2.7092174790709778
0.13653395784543323,2.7067809718786506
0.136768149882904,2.7035405186431847
0.13700234192037467,2.700352250651268
0.13723653395784544,2.697170284786825
0.1374707259953161,2.6939635203454677
0.13770491803278687,2.690837036595979
0.1379391100702576,2.6877445671427576
0.1381733021077283,2.684591336877225
0.13840749414519907,2.6819826814579963
0.1386416861826698,2.679134290017746
0.1388758782201405,2.676165297271719
0.13911007025761124,2.6730322783817986
0.1393442622950819,2.6700065328978724
0.13957845433255267,2.6669614837392968
0.13981264637002344,2.6639014894608977
0.1400468384074941,2.6609333018086594
0.14028103044496487,2.6578664848508904
0.14051522248243561,2.654881099172629
0.14074941451990627,2.660487809218511
0.14098360655737707,2.657936223737407
0.1412177985948477,2.6548354910004504
0.14145199063231848,2.652394755847772
0.14168618266978925,2.6496423377084097
0.1419203747072599,2.647386002100286
0.14215456674473068,2.644405045185917
0.14238875878220134,2.6417067515191834
0.1426229508196721,2.638946809285317
0.14285714285714288,2.635989294259546
0.14309133489461362,2.633074291693827
0.14332552693208428,2.6301920404878514
0.14355971896955508,2.628014123504676
0.1437939110070257,2.62508387102858
0.14402810304449648,2.622082080631551
0.14426229508196725,2.619097990246829
0.1444964871194379,2.6164680236898583
0.14473067915690865,2.6143228566709715
0.14496487119437934,2.611316939655415
0.1451990632318501,2.6084012389781104
0.14543325526932085,2.6131931792493215
0.14566744730679154,2.6104697002038955
0.14590163934426228,2.6077616318233967
0.14613583138173294,2.6055191893461087
0.14637002341920374,2.628916306018595
0.14660421545667449,2.6289194160033618
0.14683840749414515,2.62600307411547
0.14707259953161592,2.623085219616686
0.14730679156908658,2.6204684980644712
0.14754098360655732,2.6175473555390125
0.14777517564402812,2.6156271091453704
0.14800936768149886,2.6130815339433524
0.14824355971896952,2.6102575560356787
0.1484777517564403,2.6078379032579257
0.14871194379391095,2.6051858921822713
0.14894613583138172,2.602398263840911
0.1491803278688525,2.599483142767913
0.14941451990632315,2.597506490682561
0.1496487119437939,2.594709131638055
0.14988290398126458,2.5919527140556475
0.15011709601873532,2.5891887620629337
0.15035128805620612,2.5870471620843998
0.15058548009367678,2.5847126470059947
0.15081967213114753,2.581857820953811
0.1510538641686183,2.5790411291087936
0.15128805620608896,2.576714665556558
0.15152224824355973,2.5739181801399442
0.15175644028103036,2.5711490148931766
0.15199063231850116,2.568582548188085
0.1522248243559719,2.5662984510558444
0.15245901639344256,2.5636578445141742
0.15269320843091333,2.560885321265209
0.1529274004683841,2.5589974931430395
0.1531615925058548,2.556448771738312
0.15339578454332553,2.5537934711825767
0.15362997658079627,2.552625499787165
0.15386416861826696,2.5498362716263663
0.15409836065573773,2.5473465209778405
0.1543325526932084,2.544590876861579
0.15456674473067916,2.5418621491862057
0.1548009367681499,2.539076693284644
0.15503512880562056,2.536531764718045
0.15526932084309136,2.5337739872727663
0.155503512880562,2.5310042538704645
0.15573770491803277,2.528375586454847
0.15597189695550354,2.5256369280757376
0.1562060889929742,2.523011000330096
0.15644028103044494,2.520356175228585
0.15667447306791563,2.517702640998306
0.1569086651053864,2.515020256210804
0.15714285714285714,2.5123839503102734
0.1573770491803279,2.5097257008913996
0.15761124121779857,2.507200664231541
0.15784543325526937,2.5044150395871907
0.15807962529274,2.501716497905685
0.15831381733021077,2.50500724552389
0.15854800936768154,2.505824711504444
0.1587822014051522,2.5056944671141723
0.15901639344262294,2.503046237895627
0.1592505854800936,2.5034665660390174
0.1594847775175644,2.5063285499733863
0.15971896955503515,2.506492740537852
0.1599531615925058,2.506399407829236
0.16018735362997658,2.5037477220172857
0.16042154566744724,2.506290572899834
0.16065573770491798,2.507503514915766
0.16088992974238878,2.493687514581607
0.16112412177985944,2.4936716692074117
0.1613583138173302,2.4950066717040715
0.16159250585480095,2.4949628550445584
0.1618266978922716,2.4927321794668784
0.1620608899297424,2.49485917135745
0.16229508196721315,2.494740201484981
0.1625292740046838,2.4946763971524963
0.16276346604215458,2.4922025182117333
0.16299765807962524,2.4924217915721907
0.163231850117096,2.494988078419476
0.16346604215456678,2.4949689811814384
0.16370023419203744,2.4954405644459734
0.16393442622950818,2.4936818623142676
0.16416861826697887,2.4961197856465853
0.16440281030444961,2.493464779655597
0.16463700234192039,2.4959957971009823
0.16487119437939107,2.495980632665129
0.16510538641686182,2.4960298542638095
0.16533957845433256,2.4961633641167595
0.16557377049180325,2.4936548707916466
0.16580796252927402,2.496265544816529
0.16604215456674465,2.4938723187430076
0.16627634660421545,2.5753424459631904
0.1665105386416862,2.5747198892538465
0.16674473067915685,2.582073236438741
0.16697892271662762,2.5795080520963616
0.1672131147540984,2.5823631811331804
0.16744730679156905,2.5821880434460236
0.16768149882903982,2.5846246780115387
0.16791569086651056,2.584827336422697
0.16814988290398122,2.5823641401490693
0.16838407494145202,2.5850368209202768
0.16861826697892265,2.5825493278366003
0.16885245901639345,2.579912634641365
0.1690866510538642,2.581672398148383
0.16932084309133486,2.5848272896533895
0.16955503512880563,2.5821891502212053
0.16978922716627629,2.583392457580495
0.17002341920374706,2.5855991550369843
0.17025761124121783,2.585650832563132
0.1704918032786885,2.5856104444501247
0.17072599531615923,2.5939555567561667
0.1709601873536299,2.6843659408219103
0.1711943793911007,2.6889813604815678
0.17142857142857143,2.6890217987701157
0.17166276346604212,2.690046985504236
0.17189695550351286,2.6899363716286278
0.17213114754098363,2.6817846820090105
0.1723653395784543,2.773072145124621
0.17259953161592506,2.775914528286961
0.1728337236533958,2.7756145300579345
0.1730679156908665,2.7755770564454507
0.17330210772833723,2.772600933139861
0.1735362997658079,2.688852004242695
0.1737704918032787,2.6867845346671735
0.17400468384074944,2.6868018079377167
0.1742388758782201,2.6869295476333357
0.17447306791569087,2.6842415811097013
0.17470725995316153,2.6868903611963675
0.17494145199063227,2.6844629903752844
0.17517564402810307,2.6932580234714125
0.17540983606557373,2.6059881413322725
0.17564402810304447,2.6055691937858496
0.17587822014051524,2.5162093520270457
0.1761124121779859,2.5135094513724465
0.17634660421545667,2.51544574487805
0.17658079625292733,2.513230439875612
0.1768149882903981,2.42938725521932
0.17704918032786887,2.427175304187613
0.17728337236533953,2.430096803151222
0.1775175644028103,2.430370274489204
0.17775175644028107,2.430990206335224
0.17798594847775173,2.431049756157997
0.17822014051522247,2.431053868751644
0.17845433255269313,2.443209177128036
0.1786885245901639,2.4407002886452718
0.17892271662763468,2.4427338801024367
0.17915690866510536,2.398748195856596
0.1793911007025761,2.400638327502236
0.17962529274004685,2.4006164709484197
0.17985948477751754,2.3980025839371497
0.1800936768149883,2.4045665903963043
0.18032786885245894,2.4029234491208182
0.18056206088992974,2.4059457456885958
0.18079625292740048,2.403438496867033
0.18103044496487114,2.4059678260158934
0.1812646370023419,2.4039877605627136
0.18149882903981257,2.4038970755951277
0.18173302107728334,2.407443034417693
0.1819672131147541,2.4083105139138907
0.18220140515222485,2.4091609766606497
0.18243559718969551,2.4068386428952304
0.1826697892271663,2.4090833890453975
0.18290398126463694,2.408113617038433
0.18313817330210772,2.411704363217352
0.18337236533957849,2.5074853981358483
0.18360655737704915,2.507324512775629
0.1838407494145199,2.5052615275268626
0.18407494145199058,2.5053026786654278
0.18430913348946135,2.508190014430749
0.1845433255269321,2.5098178771400574
0.18477751756440278,2.509701558692433
0.18501170960187352,2.507966511774464
0.18524590163934418,2.506733371353688
0.18548009367681498,2.5062918983568054
0.18571428571428572,2.5043682284447426
0.18594847775175638,2.5044525670566924
0.18618266978922715,2.5043707996043043
0.18641686182669792,2.468880875812294
0.18665105386416855,2.4663434812152834
0.18688524590163935,2.4683595599736043
0.1871194379391101,2.4677479695135975
0.18735362997658075,2.46694791444993
0.18758782201405153,2.464653883173085
0.18782201405152218,2.4898186250454537
0.18805620608899298,2.489433378888377
0.18829039812646373,2.4892266591209355
0.18852459016393439,2.460551351814813
0.18875878220140516,2.4579400411136687
0.18899297423887582,2.458357280093301
0.18922716627634656,2.4562747318049887
0.18946135831381736,2.4581822191380778
0.18969555035128802,2.4608967676230207
0.18992974238875876,2.4606778441683264
0.19016393442622953,2.4608354592686017
0.1903981264637002,2.45817239126086
0.19063231850117096,2.460826719744645
0.19086651053864162,2.4582326389147666
0.1911007025761124,2.4588276322631892
0.19133489461358313,2.460084550932235
0.19156908665105382,2.4970253723362488
0.19180327868852456,2.4945669821917367
0.19203747072599534,2.479444472378377
0.19227166276346602,2.4767669967309245
0.19250585480093677,2.4762827065521607
0.1927400468384075,2.474178550700823
0.1929742388758782,2.471586957905983
0.19320843091334897,2.4619265697824697
0.19344262295081963,2.4618485585047933
0.1936768149882904,2.4618141244467564
0.19391100702576114,2.461761542667888
0.1941451990632318,2.461551553484682
0.1943793911007026,2.4618320981589963
0.19461358313817323,2.4593164501509497
0.194847775175644,2.5418754927021823
0.19508196721311477,2.541276606275855
0.19531615925058543,2.534045604915214
0.19555035128805617,2.53172964583541
0.19578454332552686,2.537784271335213
0.19601873536299763,2.5417183757977764
0.1962529274004684,2.573851569771157
0.19648711943793915,2.574836421408835
0.1967213114754098,2.5833657383520574
0.1969555035128806,2.5757631873351405
0.19718969555035123,2.57316019929943
0.197423887587822,2.5762398773068003
0.19765807962529278,2.602402841572282
0.19789227166276344,2.6300560329999696
0.19812646370023418,2.7263114655271714
0.19836065573770484,2.726447974821803
0.19859484777517564,2.7282536455518023
0.19882903981264638,2.7269511941705282
0.19906323185011707,2.7275456492246315
0.1992974238875878,2.7495341200980277
0.19953161592505847,2.7520959347861296
0.19976580796252924,2.749181436582871
0.2,2.751284741687017
0.20023419203747067,2.753267133002378
0.20046838407494144,2.752177975621344
0.20070257611241218,2.75129425842655
0.20093676814988284,2.7515168788491384
0.20117096018735364,2.753758492760222
0.20140515222482439,2.7536438200189073
0.20163934426229504,2.841493983983958
0.20187353629976582,2.838733233160894
0.20210772833723648,2.8417601461679385
0.20234192037470725,2.8418400157629713
0.20257611241217802,2.8416801075488896
0.20281030444964868,2.8411078206529283
0.20304449648711942,2.8412712900022465
0.2032786885245901,2.840945640196562
0.20351288056206085,2.8380623013500483
0.20374707259953165,2.839789208986146
0.2039812646370023,2.8398262292931724
0.20421545667447305,2.8394969334554045
0.20444964871194382,2.837339108254023
0.20468384074941448,2.839521244386642
0.20491803278688525,2.8385051670071455
0.20515222482435588,2.8362169482951645
0.20538641686182668,2.838634872091043
0.20562060889929742,2.8356160751833506
0.20585480093676808,2.8384771536468754
0.20608899297423885,2.837341916666451
0.20632318501170963,2.837814023149206
0.2065573770491803,2.8378577646105
0.20679156908665106,2.8464602922912383
0.2070257611241218,2.846579962925735
0.2072599531615925,2.843490515436431
0.20749414519906326,2.843068112903286
0.2077283372365339,2.8399862634816135
0.2079625292740047,2.836739948019832
0.20819672131147543,2.836730753194924
0.2084309133489461,2.8365379991132498
0.2086651053864169,2.8336986107223776
0.20889929742388752,2.8306865275478166
0.2091334894613583,2.8335992042382285
0.20936768149882906,2.832219941393286
0.20960187353629972,2.8321947778168504
0.20983606557377046,2.829115243426779
0.21007025761124115,2.83130675405249
0.21030444964871192,2.8263148464761216
0.21053864168618266,2.819666750003162
0.21077283372365335,2.8196926861022376
0.21100702576112412,2.8197962559843006
0.21124121779859484,2.816755481635035
0.21147540983606553,2.8167965817200535
0.2117096018735363,2.819660787540161
0.21194379391100696,2.8157204939376697
0.2121779859484777,2.812826228528729
0.21241217798594847,2.811984750697818
0.21264637002341913,2.8149535238576364
0.21288056206088993,2.814706904413918
0.2131147540983607,2.814486889847049
0.21334894613583144,2.8144210057774934
0.2135831381733021,2.811416622445161
0.21381733021077287,2.821894632795778
0.21405152224824353,2.8215087245168746
0.21428571428571427,2.818508148602907
0.21451990632318504,2.821038176202177
0.21475409836065573,2.820281111242743
0.2149882903981265,2.731358314421535
0.21522248243559722,2.7312003779064566
0.2154566744730679,2.7283917472559565
0.21569086651053868,2.7299171982701056
0.21592505854800934,2.7299021400262315
0.21615925058548013,2.7288806679557203
0.21639344262295085,2.72798586080797
0.2166276346604215,2.7250590339542184
0.2168618266978923,2.671133335023809
0.21709601873536297,2.6709249758189415
0.21733021077283374,2.67114137341848
0.21756440281030448,2.6710247258161224
0.21779859484777514,2.668205787550903
0.2180327868852459,2.6698937313067495
0.2182669789227166,2.6695917206807107
0.2185011709601873,2.6668199060072664
0.21873536299765808,2.6471625945839596
0.21896955503512877,2.6449366438190913
0.21920374707259954,2.659487752876032
0.21943793911007026,2.659895779085188
0.21967213114754094,2.657247110849688
0.21990632318501172,2.6598556683630794
0.22014051522248237,2.658927133037105
0.22037470725995317,2.658829651309069
0.2206088992974239,2.6590153574674606
0.22084309133489455,2.6564340682031373
0.22107728337236535,2.659032905526493
0.221311475409836,2.6581642146150952
0.22154566744730678,2.685144251151743
0.22177985948477752,2.68249195155373
0.22201405152224818,2.6825653128711693
0.22224824355971895,2.685794006703921
0.22248243559718964,2.68582111295436
0.22271662763466046,2.6859379180420833
0.22295081967213112,2.683138310471253
0.22318501170960192,2.6850455202801466
0.22341920374707258,2.6855562713995074
0.22365339578454338,2.6854876413208904
0.2238875878220141,2.6853719725618004
0.22412177985948475,2.683998141750691
0.22435597189695555,2.684036263205863
0.2245901639344262,2.683941159450036
0.22482435597189693,2.682009227753137
0.22505854800936773,2.684845721521431
0.22529274004683839,2.660098243580157
0.22552693208430916,2.6592715174199846
0.2257611241217799,2.6592341176767675
0.22599531615925056,2.6563721077127447
0.22622950819672133,2.6566839917219442
0.22646370023419202,2.6517323870214144
0.2266978922716628,2.6516473534530594
0.2269320843091335,2.651529528897203
0.2271662763466042,2.648659660870464
0.22740046838407496,2.65152444228649
0.22763466042154562,2.651514839721616
0.22786885245901642,2.6520300393913216
0.22810304449648713,2.709051121659386
0.2283372365339578,2.7069771008235923
0.2285714285714286,2.7097486393853303
0.22880562060889925,2.710543407449828
0.22903981264637002,2.7105520901586253
0.22927400468384077,2.7081395449308316
0.22950819672131142,2.7181926467226023
0.2297423887587822,2.7171765396482424
0.22997658079625288,2.7748292907093424
0.2302107728337236,2.825920063550388
0.23044496487119437,2.825986554612466
0.23067915690866506,2.8261851411075183
0.23091334894613583,2.894785000680055
0.23114754098360654,2.8949834010498785
0.23138173302107723,2.8920157751712865
0.231615925058548,2.8985147064330827
0.23185011709601866,2.898349279035512
0.23208430913348946,2.898320993008582
0.23231850117096017,2.8954172827919926
0.23255269320843097,2.898378554080351
0.23278688524590163,2.9184224803637684
0.2330210772833724,2.9184539225086943
0.23325526932084314,2.8949844674742096
0.2334894613583138,2.893600720354883
0.23372365339578458,2.89719305874056
0.23395784543325526,2.8967297158083745
0.23419203747072603,2.89671520285325
0.23442622950819675,2.8968926430253035
0.23466042154566744,2.8942290540371327
0.2348946135831382,2.8974113139878965
0.23512880562060887,2.897544221342112
0.2353629976580796,2.8944960682009064
0.23559718969555038,2.897955645213676
0.23583138173302104,2.9050658065319475
0.23606557377049184,2.9050224232026998
0.2362997658079625,2.90939508649687
0.2365339578454332,2.906677906433307
0.236768149882904,2.9289591202893437
0.23700234192037467,2.928914834604657
0.23723653395784544,2.9296071123619827
0.23747072599531618,2.929745960407488
0.23770491803278684,2.928425545728765
0.23793911007025761,2.9321161986316073
0.2381733021077283,2.93779895783082
0.23840749414519907,2.936150615988012
0.2386416861826698,2.936079276410205
0.23887587822014048,2.933035105746576
0.23911007025761125,2.9359879483098434
0.2393442622950819,2.938671512413026
0.2395784543325527,2.9386136043303748
0.23981264637002342,2.9356209247622025
0.24004683840749408,2.9406964963902547
0.24028103044496488,2.9406399539338413
0.24051522248243554,2.940568700683381
0.24074941451990625,2.9374034136291627
0.24098360655737705,2.9393737302580503
0.2412177985948477,2.9393670671058985
0.2414519906323185,2.939341435653699
0.24168618266978922,2.9361479056583053
0.24192037470726,2.9379284834491677
0.24215456674473068,2.9392848531946623
0.24238875878220145,2.8510019045578203
0.24262295081967217,2.758398188577064
0.24285714285714285,2.7554333703042255
0.24309133489461363,2.758430566747225
0.24332552693208429,2.766108049867539
0.24355971896955508,2.7674458748243085
0.2437939110070258,2.7674296833606147
0.24402810304449646,2.7644422981812036
0.24426229508196726,2.8319004635241107
0.24449648711943792,2.832181664717984
0.2447306791569087,2.831887385287095
0.24496487119437943,2.831842753877887
0.2451990632318501,2.829040360231008
0.24543325526932086,2.831683723923891
0.24566744730679155,2.8316178279307116
0.24590163934426232,2.8285354866722083
0.24613583138173303,2.828531632257046
0.24637002341920372,2.8289212923562617
0.2466042154566745,2.8288107403532674
0.24683840749414515,2.8289385126883175
0.2470725995316159,2.82673577977676
0.24730679156908666,2.8298941989711905
0.24754098360655732,2.8297764718452334
0.24777517564402812,2.82992200157132
0.24800936768149884,2.830044403478183
0.2482435597189695,2.82708393233487
0.2484777517564403,2.8287186047529067
0.24871194379391096,2.8312581287801932
0.24894613583138173,2.831253834703649
0.24918032786885247,2.8282471597703713
0.24941451990632313,2.8283018205860024
0.2496487119437939,2.831470234597971
0.2498829039812646,2.8317126159885735
0.2501170960187354,2.8317995398931073
0.2503512880562061,2.8290395142453084
0.25058548009367676,2.8288697067564015
0.25081967213114753,2.831308408660458
0.2510538641686182,2.828483405228617
0.2512880562060889,2.8285487224022154
0.25152224824355973,2.8260730314707807
0.2517564402810305,2.827906678732579
0.25199063231850116,2.827364831635144
0.25222482435597193,2.824227706439185
0.25245901639344265,2.8246574761778525
0.2526932084309133,2.8247227214402977
0.25292740046838413,2.824716227646477
0.2531615925058548,2.82466537626477
0.2533957845433255,2.8217598035762492
0.2536299765807963,2.8246614194581836
0.25386416861826694,2.8246326755916007
0.25409836065573776,2.8250052652877518
0.2543325526932085,2.824989034136385
0.25456674473067914,2.822018299902533
0.2548009367681499,2.804461256897866
0.25503512880562057,2.804365183686198
0.25526932084309134,2.8040735423553516
0.2555035128805621,2.8009400321736417
0.25573770491803277,2.7980173880879597
0.25597189695550354,2.799861910324326
0.2562060889929742,2.7994943950368194
0.25644028103044497,2.799427869731662
0.2566744730679157,2.7971875319294974
0.2569086651053864,2.797081620467766
0.2571428571428572,2.796757075174094
0.25737704918032783,2.7968337157144982
0.25761124121779855,2.793916535510019
0.2578454332552693,2.7949583225307144
0.25807962529274,2.7968398850202716
0.2583138173302108,2.7973076241844317
0.2585480093676815,2.796677347907214
0.2587822014051522,2.7937548045648994
0.25901639344262295,2.765376418126444
0.2592505854800936,2.765582733880345
0.2594847775175644,2.763316783164079
0.25971896955503515,2.7604033187645096
0.2599531615925058,2.7436588604652252
0.2601873536299766,2.7457062309408
0.26042154566744724,2.744445920789615
0.260655737704918,2.7440229862190084
0.2608899297423887,2.7412321748568202
0.26112412177985944,2.7390141906801913
0.2613583138173302,2.7417395899856856
0.261592505854801,2.7400370796505915
0.2618266978922717,2.745875947683451
0.26206088992974236,2.743066327626721
0.2622950819672132,2.737475460405994
0.26252927400468384,2.7374976829924824
0.2627634660421546,2.7410159052874086
0.26299765807962533,2.736536995282772
0.263231850117096,2.725021976627514
0.26346604215456676,2.7251196684450254
0.2637002341920374,2.725097059749188
0.2639344262295082,2.7224199697310976
0.26416861826697896,2.725144632877224
0.2644028103044496,2.725148086092215
0.2646370023419204,2.725120530303792
0.2648711943793911,2.7242327825978636
0.26510538641686177,2.7215209949779013
0.2653395784543326,2.7135760552386228
0.26557377049180325,2.7136248911704737
0.265807962529274,2.714264215565245
0.26604215456674474,2.7141001950424144
0.2662763466042154,2.7183669773572716
0.2665105386416862,2.7216230407771884
0.2667447306791569,2.7396679175320777
0.26697892271662765,2.7391462421484163
0.26721311475409837,2.7392526004459343
0.26744730679156903,2.7382396747462163
0.2676814988290398,2.7411887520174716
0.2679156908665105,2.7408021362586146
0.2681498829039813,2.7417495024784126
0.268384074941452,2.7396844483819347
0.26861826697892266,2.7396903550196448
0.26885245901639343,2.741278286030144
0.2690866510538641,2.741650913483817
0.26932084309133486,2.7387474707552113
0.26955503512880563,2.741793162018335
0.2697892271662763,2.741747178997174
0.27002341920374706,2.74138359882821
0.2702576112412178,2.7386751491339942
0.27049180327868844,2.7344303229815465
0.27072599531615926,2.7646703921040974
0.27096018735363003,2.799761565905676
0.27119437939110075,2.788002066714068
0.2714285714285714,2.785074691548239
0.2716627634660422,2.787888921050211
0.27189695550351284,2.7873618342098467
0.27213114754098366,2.787653028535033
0.2723653395784544,2.758190779202357
0.27259953161592504,2.7556866030359526
0.2728337236533958,2.755328872851352
0.27306791569086647,2.746449349368485
0.2733021077283373,2.746879182191711
0.273536299765808,2.746895631451728
0.27377049180327867,2.744281868780209
0.27400468384074944,2.737200448270191
0.2742388758782201,2.737134689595169
0.2744730679156908,2.7343430006139084
0.27470725995316164,2.717807012550092
0.2749414519906323,2.6999961178746705
0.2751756440281031,2.693555538587412
0.27540983606557373,2.69292630647412
0.27564402810304445,2.6901211461475736
0.2758782201405152,2.692562361948293
0.27611241217798593,2.7064755195758448
0.2763466042154567,2.7064619329491615
0.2765807962529274,2.7064754583740744
0.2768149882903981,2.7036214441405972
0.27704918032786885,2.706309696119271
0.2772833723653395,2.706304981768598
0.27751756440281034,2.718666332249686
0.27775175644028105,2.7157317492659834
0.2779859484777517,2.7156120824955208
0.2782201405152225,2.719091490105932
0.27845433255269314,2.7177601464643217
0.2786885245901639,2.7177146680037834
0.2789227166276347,2.715203786531442
0.27915690866510534,2.7177420028659176
0.2793911007025761,2.7127255989622636
0.27962529274004677,2.7184869390223847
0.2798594847775175,2.716431934583408
0.28009367681498826,2.719177720296117
0.280327868852459,2.721188676297802
0.28056206088992974,2.720754048604322
0.28079625292740046,2.7991955112798443
0.28103044496487123,2.8077211373902413
0.2812646370023419,2.72663327967502
0.2814988290398127,2.728503723150347
0.28173302107728343,2.728371300588769
0.2819672131147541,2.7258042131740776
0.28220140515222486,2.8126914644685037
0.2824355971896955,2.849186423350608
0.2826697892271663,2.8490439530583327
0.28290398126463706,2.849011287076944
0.2831381733021077,2.8462517959576994
0.2833723653395785,2.849075319307682
0.28360655737704915,2.8502157284570377
0.2838407494145199,2.8505462117558995
0.28407494145199064,2.850518347781849
0.28430913348946135,2.8482206232053437
0.2845433255269321,2.8502085899200114
0.2847775175644028,2.8907000968918988
0.28501170960187355,2.890586807539308
0.28524590163934427,2.8915018876130616
0.28548009367681493,2.800155738584871
0.28571428571428575,2.800091291838068
0.2859484777517564,2.7995448843041597
0.28618266978922713,2.7966522075782887
0.2864168618266979,2.7988577800539733
0.28665105386416856,2.861137043757759
0.28688524590163933,2.861282046045524
0.2871194379391101,2.8944419049710364
0.28735362997658076,2.89195524688568
0.28758782201405153,2.8879799706315716
0.2878220140515222,2.887494348061015
0.28805620608899296,2.8880280795812205
0.2882903981264637,2.88505834026943
0.2885245901639344,2.885117523585781
0.28875878220140516,2.8869549636756466
0.2889929742388758,2.887651728488874
0.2892271662763466,2.887354669770597
0.2894613583138173,2.8847614722534414
0.28969555035128797,2.884627696050696
0.2899297423887588,2.8830921248245764
0.29016393442622956,2.8846042753225967
0.2903981264637003,2.88352035861221
0.29063231850117094,2.880708757696839
0.2908665105386417,2.8017030175361355
0.29110070257611237,2.8015230613624063
0.2913348946135832,2.8016591019123642
0.2915690866510539,2.801952596057657
0.29180327868852457,2.799446124990206
0.29203747072599534,2.8069314466054442
0.292271662763466,2.805665263450981
0.29250585480093677,2.802607630012476
0.29274004683840754,2.804765021587807
0.2929742388758782,2.8030353141067734
0.29320843091334897,2.8015507252452867
0.2934426229508197,2.7964071548691396
0.29367681498829035,2.793421231359244
0.2939110070257612,2.796345432308923
0.29414519906323183,2.796597190396993
0.2943793911007026,2.7966280035119526
0.2946135831381733,2.796654175692409
0.294847775175644,2.7936456736820516
0.29508196721311475,2.796658416046297
0.29531615925058546,2.7964093683355418
0.29555035128805623,2.7962956670704653
0.29578454332552695,2.7932948801138084
0.2960187353629976,2.793192357212537
0.2962529274004684,2.7363323488665126
0.29648711943793904,2.73626272723087
0.2967213114754098,2.7335654512521304
0.2969555035128806,2.732996304150329
0.29718969555035124,2.7254596095493477
0.297423887587822,2.725625279875404
0.2976580796252927,2.7226692017256218
0.2978922716627634,2.7228008917666857
0.2981264637002342,2.7226202553825893
0.29836065573770487,2.7255069328369044
0.29859484777517564,2.7256128834600455
0.29882903981264636,2.7229183354817432
0.299063231850117,2.7228359282507806
0.2992974238875878,2.7258766329437494
0.2995316159250585,2.726558195644314
0.2997658079625293,2.724969719871052
0.3,2.8086848162603673
0.30023419203747076,2.8118498073486755
0.3004683840749414,2.811987933680393
0.30070257611241225,2.812258909829378
0.30093676814988296,2.811988198490309
0.3011709601873536,2.8090392321528093
0.3014051522248244,2.808803998460983
0.30163934426229505,2.8086603879294545
0.3018735362997658,2.808768069986909
0.3021077283372366,2.8088476280677277
0.30234192037470725,2.805981403085186
0.302576112412178,2.808804439749562
0.3028103044496487,2.8086594624349086
0.3030444964871194,2.8057625010563383
0.30327868852459017,2.8089311144115516
0.3035128805620609,2.806239920979644
0.30374707259953165,2.741943464258852
0.30398126463700237,2.741637427213278
0.30421545667447303,2.781063176170558
0.3044496487119438,2.783834268131107
0.30468384074941446,2.7829034151811647
0.3049180327868853,2.780940918321732
0.305152224824356,2.777966976645921
0.30538641686182666,2.7740025495279905
0.30562060889929743,2.774868075898639
0.3058548009367681,2.840326938061798
0.30608899297423886,2.8490849568145973
0.30632318501170963,2.8505853523087534
0.3065573770491803,2.7899366204241867
0.30679156908665106,2.7996189343196787
0.3070257611241217,2.793922299608303
0.3072599531615925,2.7923664872440868
0.3074941451990632,2.789524743061361
0.3077283372365339,2.7894455030643868
0.3079625292740047,2.7918163519133166
0.30819672131147535,2.788766609291408
0.30843091334894607,2.7440571126297457
0.30866510538641684,2.744262383491112
0.3088992974238875,2.7472792108789603
0.3091334894613583,2.7516361506100435
0.30936768149882904,2.827210656564933
0.3096018735362998,2.8306924925755292
0.30983606557377047,2.8312494347590356
0.31007025761124124,2.8314269010772732
0.310304449648712,2.8316328173212137
0.31053864168618267,2.8295686830522495
0.31077283372365344,2.8324910947295825
0.3110070257611241,2.829688721104313
0.31124121779859487,2.831002589043395
0.3114754098360656,2.830996574615316
0.3117096018735363,2.828102610089669
0.3119437939110071,2.831109073924175
0.31217798594847773,2.8308628135796665
0.3124121779859485,2.8311507863428482
0.3126463700234192,2.8314782289354175
0.3128805620608899,2.82860287378541
0.3131147540983607,2.831489755330879
0.31334894613583136,2.8314373531938126
0.3135831381733021,2.8523229830428174
0.31381733021077285,2.85413866342021
0.3140515222482435,2.8511789124550875
0.3142857142857143,2.8536556799834782
0.314519906323185,2.851765135629327
0.3147540983606557,2.8487700510200646
0.3149882903981265,2.847522157741005
0.31522248243559714,2.8494556718827933
0.3154566744730679,2.8495319844659837
0.3156908665105386,2.8464496490265447
0.31592505854800934,2.846474918467469
0.3161592505854801,2.8495622804679623
0.31639344262295077,2.8505703213542333
0.31662763466042154,2.850715398203736
0.31686182669789226,2.8500128183619524
0.3170960187353629,2.849795296119885
0.31733021077283374,2.8527840412451915
0.3175644028103044,2.8534759936975878
0.3177985948477752,2.8533153539417717
0.3180327868852459,2.8506617786424364
0.31826697892271655,2.8507747396465004
0.3185011709601873,2.8503968308248115
0.31873536299765803,2.850110045967916
0.31896955503512875,2.8471429278892617
0.3192037470725995,2.847489356424233
0.3194379391100703,2.8504673366836486
0.31967213114754095,2.850251788432358
0.3199063231850117,2.8473301301178666
0.3201405152224825,2.8500811837975264
0.32037470725995315,2.84699528287796
0.3206088992974239,2.84964910446924
0.32084309133489464,2.8496795312353527
0.3210772833723653,2.8467000432668637
0.3213114754098361,2.849850717367076
0.3215456674473068,2.8497929440035086
0.32177985948477755,2.8497977870761204
0.32201405152224827,2.8500093349153275
0.3222482435597189,2.84706032864907
0.3224824355971897,2.839381219290166
0.3227166276346604,2.839323730050059
0.3229508196721312,2.83908594673707
0.3231850117096019,2.8384358697250396
0.32341920374707256,2.8353841396195216
0.32365339578454333,2.83291356961723
0.323887587822014,2.829006353845545
0.3241217798594848,2.8271167898438683
0.32435597189695553,2.826979218273481
0.3245901639344262,2.8244714689721264
0.32482435597189696,2.8262513597813905
0.3250585480093676,2.82316591279567
0.32529274004683834,2.8137514006763604
0.32552693208430916,2.8137775414434114
0.3257611241217798,2.8138314486763623
0.3259953161592506,2.8188319314481256
0.3262295081967213,2.81583578605767
0.32646370023419197,2.8157082458722633
0.32669789227166274,2.7849791698229387
0.32693208430913345,2.7872758521797967
0.3271662763466042,2.7872131078561546
0.32740046838407494,2.7851514262257666
0.3276346604215456,2.7918128525242305
0.32786885245901637,2.7937239157315576
0.32810304449648703,2.793682357024185
0.32833723653395785,2.793974488847378
0.32857142857142857,2.790986157314508
0.32880562060889934,2.7934425347299348
0.32903981264637,2.7961741374382294
0.32927400468384077,2.799742689271188
0.32950819672131154,2.800180178943543
0.3297423887587822,2.798715594326585
0.32997658079625297,2.7985982731939605
0.33021077283372363,2.8067966833955706
0.3304449648711944,2.806628357031957
0.3306791569086651,2.806669849597245
0.33091334894613583,2.8038239536923526
0.3311475409836066,2.8051999114839212
0.33138173302107726,2.8051069986237667
0.331615925058548,2.8021471649185044
0.33185011709601875,2.812594463127193
0.3320843091334894,2.8128141661824446
0.33231850117096023,2.812893959128709
0.33255269320843095,2.813068265733547
0.3327868852459016,2.8100640428334445
0.3330210772833724,2.8126189983046235
0.33325526932084304,2.809782414705157
0.3334894613583138,2.8096862941509193
0.3337236533957846,2.809651129488374
0.33395784543325524,2.806650819290178
0.334192037470726,2.8090003550271696
0.33442622950819667,2.8090710847047946
0.33466042154566744,2.8153169932059
0.33489461358313816,2.813589359927395
0.33512880562060887,2.813665600295359
0.33536299765807964,2.8165762816901085
0.3355971896955503,2.816456121577746
0.335831381733021,2.8135053399238803
0.3360655737704918,2.7986683954278133
0.33629976580796245,2.7432046185398975
0.3365339578454333,2.745229250968364
0.336768149882904,2.742351048905197
0.33700234192037465,2.7359719543734493
0.3372365339578454,2.736231601022997
0.3374707259953161,2.740589657207306
0.3377049180327869,2.7380545290684113
0.3379391100702576,2.735137876427726
0.3381733021077283,2.7351871247168766
0.33840749414519905,2.7382159734699854
0.3386416861826698,2.7384081114406666
0.33887587822014054,2.7384716865331735
0.33911007025761125,2.735552486574969
0.339344262295082,2.7385423482030506
0.3395784543325527,2.7386472366085988
0.33981264637002345,2.738661983410968
0.34004683840749417,2.738858215430687
0.3402810304449648,2.7360515435507007
0.34051522248243565,2.7389471259607876
0.3407494145199063,2.733502872120185
0.3409836065573771,2.7337565295697273
0.3412177985948478,2.7340984880211066
0.34145199063231846,2.740395634832227
0.34168618266978923,2.743547934649211
0.34192037470725994,2.7434997898714033
0.34215456674473066,2.7407109517136656
0.34238875878220143,2.7428284248094097
0.3426229508196721,2.739987821835816
0.34285714285714286,2.742657205373518
0.3430913348946136,2.7397573652297074
0.3433255269320843,2.737826258166723
0.34355971896955506,2.7405682109240153
0.3437939110070257,2.740500646570411
0.3440281030444965,2.739220875868362
0.3442622950819672,2.810875743093891
0.34449648711943787,2.811245506326606
0.3447306791569087,2.814717691361335
0.34496487119437935,2.816038313759393
0.3451990632318501,2.817076976895245
0.34543325526932084,2.814364166385878
0.3456674473067915,2.8144394091502676
0.3459016393442623,2.8169472109926232
0.346135831381733,2.8168517800462083
0.34637002341920375,2.8172381355849043
0.34660421545667447,2.8142045901993242
0.34683840749414513,2.8140082315756736
0.3470725995316159,2.8159899690732164
0.34730679156908656,2.832789363311512
0.34754098360655733,2.83289785227194
0.3477751756440281,2.8329920617089246
0.34800936768149876,2.8362090820951673
0.34824355971896953,2.836431053044577
0.34847775175644025,2.834107530829973
0.34871194379391107,2.837024108757937
0.34894613583138173,2.834137660505252
0.3491803278688525,2.83647990879635
0.3494145199063232,2.8364695250605214
0.3496487119437939,2.8337558400325076
0.34988290398126465,2.841541469128781
0.35011709601873536,2.8439010214432274
0.35035128805620613,2.846100210953581
0.35058548009367685,2.846014098397362
0.3508196721311475,2.8432705328482015
0.3510538641686183,2.8461690701610407
0.35128805620608894,2.838130371625409
0.35152224824355977,2.8377176632575503
0.3517564402810305,2.8378056439070773
0.35199063231850114,2.834768744148646
0.3522248243559719,2.920476824139983
0.35245901639344257,2.920414205502088
0.3526932084309133,2.9179536935537995
0.3529274004683841,2.9208329544615945
0.35316159250585477,2.924006333417354
0.35339578454332554,2.9271109509441766
0.3536299765807962,2.924397929389942
0.3538641686182669,2.924455966058347
0.35409836065573774,2.9244528640821654
0.3543325526932084,2.927264389013276
0.3545667447306792,2.927285781100488
0.3548009367681499,2.930838924819947
0.35503512880562055,2.9319475692091235
0.3552693208430913,2.982056488117934
0.355503512880562,2.982094612103075
0.3557377049180328,2.9820166743375927
0.3559718969555035,2.985674375139759
0.3562060889929742,2.9786799147379686
0.35644028103044495,2.9815950290720727
0.3566744730679156,2.980996461739073
0.35690866510538644,2.9564271586205915
0.35714285714285715,2.9533076275740093
0.3573770491803278,2.950982676704941
0.3576112412177986,2.9541883328404563
0.35784543325526935,2.9541384903798273
0.35807962529274007,2.954160928194957
0.3583138173302108,2.9514212505190236
0.35854800936768155,2.9534822527499327
0.3587822014051522,2.9534931377375733
0.3590163934426229,2.9515241364114893
0.3592505854800937,2.954565994772917
0.35948477751756436,2.9514680699881115
0.3597189695550352,2.9548026755698134
0.3599531615925059,2.9541970490282985
0.36018735362997656,2.9534013623005584
0.36042154566744733,2.956381520027773
0.360655737704918,2.956441043966227
0.36088992974238876,2.9571177342692696
0.36112412177985953,2.9579023703092675
0.3613583138173302,2.9547917101920427
0.36159250585480096,2.957989466004455
0.3618266978922716,2.9577378356594664
0.3620608899297424,2.958120053074544
0.3622950819672131,3.0571542910235676
0.3625292740046838,3.0543618625334994
0.3627634660421546,3.1358598236902977
0.36299765807962525,3.1359047592352973
0.363231850117096,3.1361268581457575
0.36346604215456674,3.132870641492318
0.3637002341920374,3.132073769798134
0.3639344262295082,3.13505304449455
0.3641686182669789,3.13207084299442
0.3644028103044496,3.130514387855002
0.36463700234192037,3.1309324225227404
0.36487119437939103,3.130790933854302
0.36510538641686185,3.134127306745017
0.36533957845433257,3.1307766697674873
0.36557377049180323,3.130768746440788
0.365807962529274,3.130698306381071
0.36604215456674466,3.1340997539682283
0.36627634660421543,3.1339615623597226
0.3665105386416862,3.130584746033224
0.36674473067915686,3.1309406055513347
0.36697892271662763,3.1372308487945046
0.3672131147540983,3.1375128049669585
0.3674473067915691,3.1376768294131603
0.3676814988290398,3.1342716648634914
0.3679156908665106,3.1385506804831746
0.36814988290398126,3.138670574384392
0.36838407494145203,3.1388885833893907
0.36861826697892275,3.141649144110599
0.3688524590163934,3.1383923639392184
0.3690866510538642,3.1400504184669815
0.3693208430913349,3.140173210925499
0.36955503512880566,3.1402108627183996
0.3697892271662764,3.143327616719699
0.37002341920374704,3.1411318972885507
0.3702576112412178,3.146558077572932
0.37049180327868847,3.1478787682453833
0.37072599531615924,3.1446089025027346
0.37096018735363,3.148151200868425
0.37119437939110067,3.1444488321148527
0.37142857142857144,3.1437876860463096
0.37166276346604216,3.1445367158355335
0.3718969555035128,3.141270291300492
0.37213114754098364,3.143434686063947
0.3723653395784543,3.1430709905795924
0.3725995316159251,3.142659205326762
0.3728337236533958,3.1395253656686326
0.37306791569086645,3.1396645724609096
0.3733021077283373,3.143249824361342
0.37353629976580793,3.143182302166394
0.3737704918032787,3.143368701371465
0.3740046838407494,3.1400604925571325
0.3742388758782201,3.14252554756178
0.37447306791569085,3.144790397408697
0.3747072599531615,3.1469912348698474
0.3749414519906323,3.1437361597527875
0.37517564402810305,3.2196787007008645
0.3754098360655737,3.2203286645580604
0.3756440281030445,3.2238092350953944
0.3758782201405152,3.2204158574367705
0.3761124121779859,3.234217588398067
0.3763466042154567,3.2353962605968936
0.37658079625292734,3.2388457029472026
0.3768149882903981,3.1597803707785546
0.3770491803278688,3.1566533900960305
0.3772833723653396,3.156230065473492
0.3775175644028103,3.1567320448154135
0.3777517564402811,3.1567615350510625
0.3779859484777518,3.15732086562422
0.37822014051522246,3.157117653328427
0.37845433255269323,3.159235869955678
0.3786885245901639,3.15933757644633
0.3789227166276347,3.1603745151683214
0.37915690866510543,3.160155277074644
0.3793911007025761,3.1577293740186065
0.37962529274004686,3.1590187395042832
0.3798594847775175,3.1559247796133456
0.3800936768149883,3.1569746853424046
0.38032786885245906,3.155876613080072
0.3805620608899297,3.153115329512441
0.3807962529274005,3.1569968527707872
0.38103044496487115,3.157249720703597
0.38126463700234187,3.1538761025609308
0.3814988290398127,3.055473104956422
0.38173302107728335,3.0521687734608296
0.3819672131147541,3.0538146203660124
0.38220140515222484,3.0534540177036487
0.3824355971896955,3.050784237674227
0.38266978922716627,3.048004842038516
0.38290398126463693,2.955820236679427
0.38313817330210775,3.0173822444517
0.38337236533957847,3.0142674017641866
0.38360655737704913,3.0964581325288534
0.3838407494145199,3.1062966937053016
0.38407494145199056,3.116370546593194
0.3843091334894614,3.1176277715150578
0.3845433255269321,3.120039676674534
0.38477751756440276,3.120003491688882
0.38501170960187353,3.123060999120827
0.3852459016393442,3.123046398817839
0.38548009367681496,3.1228623706724075
0.38571428571428573,3.1196262037817446
0.3859484777517564,3.1136184644462555
0.38618266978922716,3.1169389196961403
0.3864168618266978,3.1442977044194658
0.38665105386416854,3.1443392486581967
0.3868852459016393,3.1449123226905606
0.38711943793911013,3.1475248030292153
0.3873536299765808,3.1476666847534434
0.3875878220140515,3.14437042515397
0.3878220140515223,3.147123366018044
0.38805620608899294,3.1437773394890067
0.3882903981264637,3.147278146637328
0.3885245901639345,3.1475355353496175
0.38875878220140514,3.1443001499740495
0.3889929742388759,3.134253386215344
0.38922716627634657,3.1341980258197824
0.38946135831381734,3.134254738240713
0.3896955503512881,3.1386987759125113
0.38992974238875877,3.135508075645459
0.39016393442622954,3.1369010649308318
0.3903981264637002,3.137196521160584
0.39063231850117097,3.133396085239759
0.3908665105386417,3.1325980152522988
0.39110070257611235,3.129313672728326
0.3913348946135832,3.132105255642582
0.39156908665105383,3.1320170983802633
0.39180327868852455,3.128651532132115
0.3920374707259953,3.1308575952416255
0.392271662763466,3.127494218678629
0.3925058548009368,3.128131209566985
0.39274004683840746,3.125046159386824
0.3929742388758782,3.1242575209187375
0.39320843091334895,3.124015115287517
0.3934426229508196,3.1242768057472223
0.3936768149882904,3.161641977251864
0.39391100702576115,3.1594005338852957
0.3941451990632318,3.0627053313051884
0.3943793911007026,3.0661262163186085
0.39461358313817324,3.066068260860641
0.394847775175644,3.0660724343251493
0.3950819672131147,3.063402513648892
0.39531615925058544,3.1249730608194284
0.3955503512880562,3.1272597551048227
0.39578454332552687,3.127220789198878
0.39601873536299764,3.195823423465537
0.39625292740046836,3.1925295811796244
0.39648711943793913,3.1956185942266426
0.39672131147540984,3.1984254924137576
0.3969555035128806,3.2796881249778145
0.39718969555035133,3.2798349193059484
0.397423887587822,3.2767349296482364
0.39765807962529276,3.2803797473308935
0.3978922716627634,3.2805040900003357
0.3981264637002342,3.2777298537536503
0.39836065573770496,3.2553578185311887
0.3985948477751756,3.259055796874215
0.3988290398126464,3.2629909788197677
0.3990632318501171,3.2632723248093622
0.39929742388758777,3.2653198064579256
0.3995316159250586,3.2688118045177794
0.39976580796252925,3.268546991383764
0.4,3.26874258009309
0.40023419203747074,3.271374200964327
0.4004683840749414,3.268031245540013
0.4007025761124122,3.2830996125344343
0.4009367681498829,3.2833322848468103
0.40117096018735365,3.2838805421373327
0.40140515222482437,3.286696990057829
0.40163934426229503,3.3183791971692
0.4018735362997658,3.3570655288719773
0.40210772833723646,3.3212194175710015
0.4023419203747073,3.349792946117498
0.402576112412178,3.346155802022497
0.40281030444964866,3.3460992024379257
0.40304449648711943,3.349860665484505
0.4032786885245901,3.400455575807875
0.40351288056206086,3.3986456066024897
0.40374707259953163,3.398855207159334
0.4039812646370023,3.4057194008257587
0.40421545667447306,3.4091862978234886
0.4044496487119438,3.499905452471385
0.40468384074941444,3.500367607270381
0.40491803278688526,3.500336885107479
0.4051522248243559,3.50394657482099
0.4053864168618267,3.486309800874227
0.4056206088992974,3.4825949647329417
0.40585480093676807,3.482352944269737
0.40608899297423884,3.4856522707615496
0.40632318501170966,3.482314870847544
0.4065573770491804,3.4784424647125496
0.40679156908665104,3.4746746589828863
0.4070257611241218,3.4435266754655305
0.40725995316159247,3.434879797755646
0.4074941451990633,3.4343120706052304
0.407728337236534,3.434183688080954
0.40796252927400467,3.4305910062399536
0.40819672131147544,3.4075662483395943
0.4084309133489461,3.3799293515848756
0.40866510538641687,3.2807933512409018
0.40889929742388764,3.280833847643186
0.4091334894613583,3.2772847177370634
0.4093676814988291,3.2810029074411764
0.40960187353629973,3.2803314214043833
0.40983606557377045,3.2767383580199887
0.4100702576112412,3.254962155850447
0.4103044496487119,3.255276141775564
0.4105386416861827,3.2552317487914535
0.4107728337236534,3.2536345213124584
0.4110070257611241,3.250244111306688
0.41124121779859485,3.2512531565697578
0.4114754098360655,3.251184914294803
0.41170960187353633,3.2511523060872975
0.41194379391100705,3.256595012532281
0.4121779859484777,3.256836890120802
0.4124121779859485,3.184300011835887
0.41264637002341914,3.1869103944571546
0.4128805620608899,3.1872224848783266
0.4131147540983607,3.183984543558112
0.41334894613583134,3.183937773616779
0.4135831381733021,3.187433146826278
0.41381733021077277,3.187426024021977
0.4140515222482435,3.1842178060325157
0.41428571428571426,3.18420700367567
0.414519906323185,3.1839373270982656
0.41475409836065574,3.1873086056895064
0.41498829039812646,3.183985181891982
0.4152224824355971,3.1831186619837295
0.4154566744730679,3.1832399263443913
0.41569086651053855,3.1860142743570528
0.4159250585480094,3.183887649068254
0.4161592505854801,3.180580633314513
0.41639344262295086,3.183914361795411
0.4166276346604215,3.182042251791411
0.4168618266978923,3.181582170975374
0.41709601873536306,3.1814399189911087
0.4173302107728337,3.2119826069201984
0.4175644028103045,3.206620393731255
0.41779859484777515,3.2068627821448272
0.4180327868852459,3.2071340362652814
0.41826697892271664,3.2082357917459072
0.4185011709601873,3.2047695115869708
0.4187353629976581,3.2082624302361333
0.4189695550351288,3.210548853373225
0.41920374707259955,3.2606674647499583
0.41943793911007027,3.261473228147973
0.4196721311475409,3.2583329875004288
0.41990632318501175,3.2618926600536136
0.4201405152224824,3.299951038728384
0.42037470725995313,3.2966107052330345
0.4206088992974239,3.301605485789667
0.42084309133489456,3.2980765486432304
0.42107728337236533,3.301653702934656
0.4213114754098361,3.301607349835499
0.42154566744730676,3.298041411539115
0.42177985948477753,3.301919424957987
0.4220140515222482,3.302007122263348
0.42224824355971896,3.3020865771635735
0.4224824355971897,3.302427255258392
0.4227166276346604,3.3029267715663457
0.42295081967213116,3.303554003566377
0.4231850117096018,3.3036561215676556
0.4234192037470726,3.303767466296312
0.4236533957845433,3.300429730170343
0.42388758782201397,3.3007025857762886
0.4241217798594848,3.3060984461896283
0.42435597189695545,3.302469623473525
0.4245901639344262,3.29906965464599
0.42482435597189694,3.304373363138849
0.4250585480093676,3.3008096060696714
0.42529274004683837,3.370348459125066
0.4255269320843092,3.4429576243987485
0.4257611241217799,3.4430516332412484
0.42599531615925057,3.443161828052816
0.42622950819672134,3.443749399684304
0.426463700234192,3.4438480957176325
0.4266978922716627,3.440155369752862
0.42693208430913354,3.443963587633998
0.4271662763466042,3.4496469300394197
0.42740046838407497,3.4493187768384566
0.4276346604215457,3.4492472898542434
0.42786885245901635,3.446600049722903
0.4281030444964872,3.451912006459844
0.42833723653395783,3.4571823454159176
0.4285714285714286,3.4577830072789393
0.4288056206088993,3.4577943854460536
0.42903981264637,3.457690931691803
0.42927400468384075,3.457489896572283
0.42950819672131146,3.458199903993626
0.42974238875878223,3.5176889773094744
0.42997658079625295,3.517153109377563
0.4302107728337236,3.5197301678236377
0.4304449648711944,3.519998868333697
0.43067915690866504,3.5189388199197666
0.43091334894613587,3.519245814060389
0.4311475409836066,3.5189753474330705
0.43138173302107724,3.5191621437383254
0.431615925058548,3.53453351775762
0.43185011709601867,3.5351793298086274
0.4320843091334894,3.5313536861806893
0.4323185011709602,3.5098535949113985
0.43255269320843087,3.509778023766958
0.43278688524590164,3.5102616061537697
0.43302107728337236,3.5103030013377214
0.433255269320843,3.5078055571156566
0.4334894613583138,3.511603497520193
0.4337236533957845,3.5080057546862586
0.4339578454332553,3.511553982378401
0.434192037470726,3.511177046178925
0.43442622950819665,3.511536813748586
0.4346604215456674,3.5160469226134037
0.4348946135831381,3.5122102398820227
0.43512880562060896,3.5195897929276856
0.4353629976580796,3.5187924162786546
0.4355971896955504,3.518751208430771
0.43583138173302105,3.5188437589098975
0.4360655737704918,3.5202652933888405
0.4362997658079626,3.520748076719735
0.43653395784543325,3.521048744159136
0.436768149882904,3.52161846857232
0.4370023419203747,3.5216351213946204
0.4372365339578454,3.5179849204477653
0.43747072599531617,3.5222129530331294
0.4377049180327868,3.522385019824623
0.43793911007025765,3.5221046973714665
0.43817330210772837,3.5273359565642126
0.43840749414519903,3.523957654652014
0.4386416861826698,3.470039933044947
0.43887587822014046,3.4695124856229875
0.4391100702576113,3.469515695224485
0.439344262295082,3.468937742956168
0.43957845433255266,3.4661566024760444
0.43981264637002343,3.469826699083333
0.4400468384074941,3.462616321434025
0.44028103044496486,3.462635891295748
0.44051522248243563,3.4058184437548253
0.4407494145199063,3.3523151393325805
0.44098360655737706,3.351642432031978
0.4412177985948477,3.352747173850415
0.4414519906323185,3.284206799686256
0.4416861826697892,3.284268890482935
0.4419203747072599,3.285717146693221
0.4421545667447307,3.282408635556596
0.44238875878220135,3.2825930839116
0.44262295081967207,3.279979165421101
0.44285714285714284,3.2887533127294155
0.4430913348946135,3.285390197937043
0.4433255269320843,3.2687650115540943
0.44355971896955504,3.266067241232049
0.4437939110070257,3.2743444730656486
0.44402810304449647,3.221355274464512
0.44426229508196713,3.2229511249947342
0.4444964871194379,3.2258592237189436
0.44473067915690867,3.2225185852516782
0.44496487119437944,3.22717827536998
0.4451990632318501,3.2268161311122547
0.44543325526932087,3.2266721155778213
0.4456674473067916,3.2268799227280613
0.44590163934426225,3.227766259615333
0.4461358313817331,3.227246578144951
0.44637002341920373,3.222243909846669
0.4466042154566745,3.222946710315372
0.4468384074941452,3.219039860997304
0.4470725995316159,3.2187869540556746
0.4473067915690867,3.201619144095311
0.44754098360655736,3.201473424379156
0.44777517564402813,3.2008617496789133
0.44800936768149885,3.200507597736016
0.4482435597189695,3.2008284257542643
0.4484777517564403,3.2005055370961175
0.448711943793911,3.1950131321214825
0.4489461358313817,3.1916496485548786
0.4491803278688525,3.195162192736526
0.44941451990632314,3.195102748515859
0.4496487119437939,3.1962541170586913
0.4498829039812646,3.193132935561666
0.45011709601873534,3.189781157665797
0.4503512880562061,3.1929673668465757
0.45058548009367677,3.1912471364185744
0.45081967213114754,3.2838766592199162
0.45105386416861826,3.283871395957076
0.4512880562060889,3.284125974440649
0.45152224824355974,3.2931246871868596
0.4517564402810304,3.29324399051471
0.4519906323185012,3.317997649649846
0.4522248243559719,3.322366431849597
0.45245901639344255,3.3198837363286744
0.4526932084309133,3.322151223196781
0.45292740046838403,3.3185949258361207
0.45316159250585475,3.3184597391637025
0.4533957845433255,3.3220789247187312
0.4536299765807962,3.3187090006910798
0.45386416861826695,3.3145374955685845
0.45409836065573767,3.3109844304205387
0.4543325526932084,3.3096556888567124
0.45456674473067915,3.322802279430102
0.4548009367681499,3.2577477245303466
0.4550351288056206,3.257503891804762
0.4552693208430913,3.2545232282797625
0.4555035128805621,3.258084332446741
0.4557377049180328,3.258664467886383
0.45597189695550355,3.286107597997452
0.45620608899297427,3.3003232817147814
0.4564402810304449,3.296895413743486
0.4566744730679157,3.3014045114359085
0.4569086651053864,3.3093733352596955
0.4571428571428572,3.3099273200697765
0.4573770491803279,3.3097100098717456
0.45761124121779856,3.308932526250653
0.45784543325526933,3.310010119956032
0.45807962529274,3.3099820396051274
0.4583138173302108,3.3108545348462943
0.45854800936768153,3.310858599397059
0.4587822014051522,3.311099640750794
0.45901639344262296,3.3109545627877304
0.4592505854800936,3.3730683887452724
0.45948477751756434,3.369622259948438
0.45971896955503516,3.3735404712034485
0.4599531615925058,3.373483151621623
0.4601873536299766,3.3734281981639986
0.4604215456674473,3.3734915855012715
0.46065573770491797,3.3698476614084405
0.46088992974238874,3.3732778542444577
0.46112412177985945,3.3733845421943283
0.4613583138173302,3.373515043254442
0.46159250585480094,3.3733159204139556
0.4618266978922716,3.3733741589608712
0.46206088992974237,3.3733641341817227
0.46229508196721303,3.3697313449242228
0.46252927400468385,3.3749125109281244
0.46276346604215457,3.3712114427888635
0.46299765807962523,3.371492917769619
0.463231850117096,3.3746806898806825
0.46346604215456666,3.3710295825074676
0.46370023419203743,3.3744231914861675
0.4639344262295082,3.374343250564334
0.46416861826697897,3.3742942295059914
0.46440281030444963,3.373889278956707
0.4646370023419204,3.3735955800805524
0.4648711943793911,3.3738320264199917
0.46510538641686183,3.3762238037097547
0.4653395784543326,3.3762588289887763
0.46557377049180326,3.376295258216998
0.465807962529274,3.3745324979847364
0.46604215456674475,3.3778070118535317
0.4662763466042154,3.378661043377671
0.46651053864168623,3.379001863261355
0.46674473067915695,3.3787943768817534
0.4669789227166276,3.37559421145444
0.4672131147540984,3.3798272886789955
0.46744730679156904,3.383075490102722
0.4676814988290398,3.383479372908598
0.4679156908665106,3.3839828895453565
0.46814988290398124,3.3839453955341674
0.468384074941452,3.3848565356546882
0.46861826697892267,3.3831278309883195
0.46885245901639344,3.3830102444903796
0.46908665105386416,3.3830902538735157
0.46932084309133487,3.3830906063026482
0.46955503512880564,3.3832229847421824
0.4697892271662763,3.383026510994423
0.4700234192037471,3.3829459553661994
0.4702576112412178,3.3836917272489972
0.47049180327868845,3.3841125248717168
0.4707259953161593,3.3839809484567662
0.47096018735362993,3.4601879002398004
0.47119437939110065,3.4565304909166956
0.4714285714285714,3.4602794822103315
0.4716627634660421,3.4602370959927473
0.47189695550351285,3.4606774729698584
0.4721311475409836,3.4570794143911647
0.4723653395784543,3.4583460021968
0.47259953161592505,3.455805461901553
0.4728337236533957,3.452379080881233
0.4730679156908665,3.4559469476827176
0.4733021077283372,3.45238594175229
0.4735362997658079,3.44936659072326
0.4737704918032787,3.452905678442504
0.47400468384074945,3.4527317677084706
0.4742388758782201,3.4527979759806304
0.4744730679156909,3.452674796568621
0.4747072599531616,3.449008552716956
0.47494145199063237,3.465386488024914
0.47517564402810303,3.461695414185562
0.4754098360655738,3.5436421990136275
0.47564402810304446,3.5519307318247386
0.47587822014051523,3.554559850195448
0.47611241217798594,3.5583770034623385
0.4763466042154567,3.5585734167819902
0.4765807962529274,3.5547662637687423
0.47681498829039815,3.5514314370899376
0.4770491803278688,3.5487753656731145
0.4772833723653396,3.539410180480464
0.4775175644028103,3.5364812974223283
0.47775175644028106,3.540039299268705
0.4779859484777517,3.5422010122179377
0.4782201405152225,3.544957823593733
0.47845433255269315,3.544941727793889
0.4786885245901639,3.5443092570236856
0.47892271662763475,3.543706209650906
0.4791569086651054,3.5434851850778264
0.4793911007025762,3.634415239820416
0.47962529274004684,3.6341723934793926
0.4798594847775176,3.636940771920532
0.48009367681498827,3.6369026206816777
0.4803278688524591,3.6365037283614754
0.48056206088992975,3.636600278130006
0.4807962529274005,3.6363882862743258
0.4810304449648712,3.636269927875848
0.48126463700234196,3.6067314818614413
0.4814988290398126,3.6049652845344364
0.48173302107728344,3.5734864472261045
0.4819672131147541,3.573516451201579
0.48220140515222487,3.5734219339908075
0.48243559718969553,3.5742451053093722
0.4826697892271663,3.5744858064950993
0.482903981264637,3.5708803699491156
0.4831381733021078,3.5752662267504975
0.48337236533957845,3.5714869052774265
0.4836065573770492,3.5751050124256056
0.4838407494145199,3.571949199884848
0.48407494145199065,3.575078155469078
0.48430913348946136,3.5750027845110672
0.48454332552693213,3.5754007121405964
0.4847775175644028,3.575300365835511
0.48501170960187356,3.5752448195748023
0.4852459016393442,3.571343050460048
0.485480093676815,3.5749911503625595
0.4857142857142857,3.5713817179239813
0.4859484777517565,3.5751960810914025
0.48618266978922714,3.577682347438378
0.4864168618266979,3.5840700768860607
0.48665105386416857,3.501219587927019
0.48688524590163934,3.5011575503722314
0.48711943793911006,3.4994918264698502
0.4873536299765808,3.5071643734099864
0.4875878220140515,3.503926803464435
0.48782201405152226,3.5786429760318845
0.4880562060889929,3.5749969361062943
0.4882903981264637,3.565419783576521
0.4885245901639345,3.5651228267870207
0.4887587822014052,3.5646842060686126
0.48899297423887594,3.611638135421236
0.4892271662763466,3.6179604374662193
0.4894613583138174,3.6179318559843647
0.48969555035128803,3.624524318997917
0.48992974238875886,3.624684930822931
0.4901639344262295,3.6184580882692865
0.4903981264637003,3.6178167791592
0.49063231850117095,3.618172911258765
0.4908665105386417,3.6159490170581674
0.4911007025761124,3.616151802200503
0.4913348946135832,3.539731839939167
0.49156908665105387,3.535904152880321
0.49180327868852464,3.5310220112167263
0.4920374707259953,3.5273647549525564
0.49227166276346607,3.5797936757053495
0.4925058548009368,3.5795243602782096
0.49274004683840755,3.5012608152862357
0.4929742388758782,3.46338760235461
0.493208430913349,3.4637720278667277
0.49344262295081964,3.4601002787825204
0.4936768149882904,3.46350454397459
0.49391100702576113,3.4665626737501682
0.4941451990632319,3.470457952140758
0.49437939110070256,3.4668917620621134
0.49461358313817333,3.470246730786545
0.494847775175644,3.484117928005698
0.49508196721311476,3.4912934186653395
0.4953161592505855,3.450814196811698
0.49555035128805625,3.450775873356295
0.4957845433255269,3.4475904181262838
0.4960187353629977,3.450596837645763
0.49625292740046834,3.446876606211849
0.4964871194379391,3.450571276993965
0.4967213114754098,3.4544432380879466
0.4969555035128806,3.4554450832772083
0.49718969555035125,3.3892422370279487
0.497423887587822,3.389428883843965
0.4976580796252927,3.3885018143390155
0.49789227166276345,3.4510364066802057
0.4981264637002343,3.4509269063057815
0.49836065573770494,3.451004116489312
0.4985948477751757,3.451001382682316
0.49882903981264637,3.451131071432268
0.49906323185011714,3.4511491176090425
0.4992974238875878,3.530574629970393
0.4995316159250586,3.5303713428540915
0.4997658079625293,3.5316606390450187
0.5000000000000001,3.5333412249643836
0.5002341920374708,3.5337672559413664
0.5004683840749415,3.6141120374283178
0.5007025761124122,3.630666596798212
0.500936768149883,3.632846251904833
0.5011709601873536,3.641787599903784
0.5014051522248244,3.6416689591951434
0.5016393442622951,3.6421097313044073
0.5018735362997658,3.6857514295469413
0.5021077283372365,3.681824945493058
0.5023419203747073,3.6849062878252354
0.5025761124121779,3.6828647880468703
0.5028103044496488,3.6806705791576286
0.5030444964871195,3.6812723290755236
0.5032786885245902,3.681554481632972
0.5035128805620609,3.681753008052135
0.5037470725995317,3.6825783368131275
0.5039812646370023,3.6796048812565987
0.5042154566744731,3.7635740557659196
0.5044496487119438,3.787658012565665
0.5046838407494145,3.7914492290815924
0.5049180327868852,3.787444068547571
0.505152224824356,3.79185128566033
0.5053864168618266,3.791999888061552
0.5056206088992975,3.794718620126688
0.5058548009367682,3.7958694654963
0.5060889929742389,3.796528451651631
0.5063231850117096,3.792823330951512
0.5065573770491804,3.7970169104449036
0.506791569086651,3.7932748282171205
0.5070257611241218,3.828126136533419
0.5072599531615924,3.828188672387487
0.5074941451990632,3.832285243026398
0.507728337236534,3.8324211313149825
0.5079625292740046,3.768182283267284
0.5081967213114755,3.7685183866701655
0.5084309133489462,3.7739477244734987
0.508665105386417,3.773980262355181
0.5088992974238876,3.774843473358723
0.5091334894613584,3.774799103597276
0.509367681498829,3.774616127537945
0.5096018735362998,3.774597418315083
0.5098360655737705,3.7775202257336997
0.5100702576112413,3.7849419839520126
0.5103044496487119,3.7849771228284057
0.5105386416861827,3.698498421355507
0.5107728337236533,3.6945615100106437
0.5110070257611242,3.6982313051230595
0.5112412177985949,3.6943451386188104
0.5114754098360657,3.6969010923922103
0.5117096018735363,3.6996488399732255
0.5119437939110071,3.699402112984587
0.5121779859484777,3.7020905859713853
0.5124121779859485,3.7026476012722465
0.5126463700234192,3.6991117424596713
0.5128805620608899,3.7029771869335795
0.5131147540983606,3.7007434947326803
0.5133489461358314,3.706519575107326
0.513583138173302,3.7065039039745993
0.5138173302107729,3.706480416316461
0.5140515222482436,3.7496513497801414
0.5142857142857143,3.749734510936342
0.514519906323185,3.745759356102503
0.5147540983606558,3.7080707118231877
0.5149882903981264,3.7042283726226417
0.5152224824355972,3.7083413812970467
0.5154566744730679,3.7045459091134125
0.5156908665105386,3.708332865744189
0.5159250585480093,3.7083192717747786
0.5161592505854801,3.7085032113159526
0.5163934426229507,3.642702544548615
0.5166276346604216,3.633305060994547
0.5168618266978923,3.6296218989425366
0.517096018735363,3.6291627853936173
0.5173302107728338,3.6179258546426833
0.5175644028103045,3.61647368932546
0.5177985948477752,3.616506021687521
0.5180327868852459,3.6164319093045503
0.5182669789227167,3.616541893685557
0.5185011709601873,3.6203568855900095
0.5187353629976581,3.621623510016944
0.5189695550351288,3.621260768471882
0.5192037470725996,3.6212327446093355
0.5194379391100703,3.6211091443508687
0.5196721311475411,3.6167671057069675
0.5199063231850117,3.5381597814696217
0.5201405152224825,3.537438124686205
0.5203747072599532,3.5368814633077412
0.5206088992974239,3.5366358505305895
0.5208430913348946,3.532798108605705
0.5210772833723654,3.553081834156863
0.521311475409836,3.5493137130609544
0.5215456674473068,3.553072065510786
0.5217798594847775,3.5493446132071584
0.5220140515222483,3.5516857424815695
0.522248243559719,3.5519177734603726
0.5224824355971898,3.5522033678880893
0.5227166276346604,3.5521196866019573
0.5229508196721312,3.5519892776166744
0.5231850117096019,3.548218115091415
0.5234192037470726,3.5504463093925898
0.5236533957845433,3.5466956968719523
0.5238875878220141,3.5531952545989163
0.5241217798594847,3.5344776006333185
0.5243559718969555,3.534622034550877
0.5245901639344261,3.5389354130902233
0.524824355971897,3.6092588121323192
0.5250585480093677,3.6093423997247434
0.5252927400468385,3.6094276871696738
0.5255269320843091,3.6054851315320855
0.5257611241217799,3.60923848657135
0.5259953161592505,3.6056026288469134
0.5262295081967213,3.6841321856893114
0.526463700234192,3.6841062899391583
0.5266978922716627,3.7107317901823333
0.5269320843091335,3.710162184258336
0.5271662763466042,3.7105532349581822
0.5274004683840751,3.708267250540169
0.5276346604215457,3.7082467131546846
0.5278688524590165,3.708313409119053
0.5281030444964872,3.7080550724636274
0.5283372365339579,3.7180467877174297
0.5285714285714286,3.7176791104104274
0.5288056206088994,3.7176038557661055
0.52903981264637,3.7177476956754707
0.5292740046838408,3.717830788552685
0.5295081967213114,3.7179111638308586
0.5297423887587822,3.7175774562491175
0.5299765807962529,3.7142136551882796
0.5302107728337238,3.7181757402209725
0.5304449648711944,3.718092050172754
0.5306791569086652,3.718552455737088
0.5309133489461358,3.718618814320069
0.5311475409836066,3.7189195512469215
0.5313817330210773,3.715347833882228
0.531615925058548,3.720000399074093
0.5318501170960187,3.716309508152092
0.5320843091334895,3.7205539078068472
0.5323185011709601,3.7174598125118203
0.5325526932084309,3.7218349978377354
0.5327868852459016,3.723143749152854
0.5330210772833724,3.723383320738024
0.5332552693208431,3.723576475292705
0.5334894613583139,3.723785089575017
0.5337236533957845,3.719796454992525
0.5339578454332553,3.7238253559157224
0.534192037470726,3.719954306256901
0.5344262295081967,3.7239600461174907
0.5346604215456674,3.7199645338020897
0.5348946135831382,3.72557215631911
0.5351288056206088,3.725043988886467
0.5353629976580796,3.7251291970651286
0.5355971896955503,3.725283112223248
0.5358313817330211,3.7252563003407224
0.5360655737704918,3.7212599198350187
0.5362997658079626,3.7256119928590707
0.5365339578454333,3.7236513481372433
0.536768149882904,3.7238429369105948
0.5370023419203748,3.7376402776639996
0.5372365339578454,3.7376211716567345
0.5374707259953162,3.737416558113701
0.5377049180327869,3.7373594873654223
0.5379391100702576,3.7364218525620165
0.5381733021077283,3.729181705273227
0.5384074941451992,3.7294806863420598
0.5386416861826698,3.729492159851064
0.5388758782201406,3.7368315062684183
0.5391100702576113,3.736822382361947
0.539344262295082,3.7368477981614077
0.5395784543325527,3.733977648400033
0.5398126463700235,3.7303880444831883
0.5400468384074941,3.72641123901938
0.5402810304449649,3.7279902286026685
0.5405152224824356,3.724012075531941
0.5407494145199063,3.7196383446816146
0.540983606557377,3.7156445604684536
0.5412177985948479,3.719518018194353
0.5414519906323185,3.7194746384978092
0.5416861826697893,3.7192597456623133
0.54192037470726,3.7191886416766478
0.5421545667447307,3.7191216003475516
0.5423887587822014,3.7150694684541357
0.5426229508196722,3.711526199529078
0.5428571428571428,3.7076910236186587
0.5430913348946136,3.7116090438283313
0.5433255269320842,3.712041828863639
0.543559718969555,3.712041579398164
0.5437939110070257,3.7119886459195457
0.5440281030444966,3.7118097957703924
0.5442622950819672,3.7078644218264465
0.544496487119438,3.711803191360545
0.5447306791569086,3.7078044126307272
0.5449648711943794,3.711600853908447
0.5451990632318501,3.7076722170690157
0.5454332552693208,3.704576603954758
0.5456674473067915,3.704308298713238
0.5459016393442623,3.704188633999584
0.546135831381733,3.704055519945585
0.5463700234192037,3.704165710794195
0.5466042154566746,3.7028528614732714
0.5468384074941453,3.702781480353265
0.547072599531616,3.7027110639964933
0.5473067915690867,3.70265287269925
0.5475409836065575,3.707509067863651
0.5477751756440281,3.707272564232511
0.5480093676814989,3.705747355940621
0.5482435597189695,3.7056241964299774
0.5484777517564403,3.7056286631677064
0.548711943793911,3.7099544966675153
0.5489461358313817,3.7098293891670027
0.5491803278688524,3.7058292553214605
0.5494145199063233,3.7100198367218002
0.5496487119437939,3.710294668526551
0.5498829039812647,3.710281900743155
0.5501170960187354,3.7136976039980722
0.5503512880562061,3.7140628895017396
0.5505854800936768,3.8037352123074943
0.5508196721311476,3.8076668667812856
0.5510538641686182,3.8040413661574846
0.551288056206089,3.808354151455252
0.5515222482435597,3.8048273167077507
0.5517564402810304,3.8149948188031173
0.5519906323185011,3.873641770244233
0.552224824355972,3.8740606698289066
0.5524590163934426,3.874029705591376
0.5526932084309134,3.873936147976128
0.5529274004683841,3.8698075166595025
0.5531615925058548,3.874310942782775
0.5533957845433255,3.870987907244673
0.5536299765807963,3.876761189097563
0.5538641686182669,3.875916570014195
0.5540983606557377,3.8765045522154646
0.5543325526932084,3.876848795347342
0.5545667447306791,3.8767255574801363
0.5548009367681498,3.8729737066883887
0.5550351288056207,3.8078536708702537
0.5552693208430913,3.839131935597611
0.5555035128805621,3.841639835230033
0.5557377049180328,3.837458692143275
0.5559718969555035,3.840121102022202
0.5562060889929743,3.8400500970539895
0.556440281030445,3.840023932708938
0.5566744730679157,3.8400859199323225
0.5569086651053864,3.839777133142321
0.5571428571428572,3.8400547939005985
0.5573770491803278,3.840076364518005
0.5576112412177987,3.8399619708460553
0.5578454332552694,3.820434604305705
0.5580796252927401,3.823248382406563
0.5583138173302108,3.8639310865589525
0.5585480093676816,3.8637146937700386
0.5587822014051522,3.863429747592377
0.559016393442623,3.8629747550393465
0.5592505854800937,3.858827757701111
0.5594847775175644,3.8817026980091964
0.5597189695550351,3.878729797457918
0.5599531615925059,3.8832578633161927
0.5601873536299765,3.8830641472082705
0.5604215456674474,3.8866070402410897
0.5606557377049181,3.884974225507396
0.5608899297423888,3.892727600111379
0.5611241217798595,3.888895321325594
0.5613583138173303,3.8928119449707514
0.5615925058548009,3.8886223528284996
0.5618266978922717,3.892835141483463
0.5620608899297423,3.888644952170976
0.5622950819672131,3.8926804893479257
0.5625292740046838,3.8927720469135014
0.5627634660421545,3.8093910971102636
0.5629976580796252,3.8091869272980348
0.5632318501170961,3.808540198619149
0.5634660421545667,3.8049883457680598
0.5637002341920375,3.8027049607729575
0.5639344262295082,3.799131063314389
0.564168618266979,3.8026273065922385
0.5644028103044496,3.80271115816984
0.5646370023419204,3.8028724655239703
0.564871194379391,3.804538045772092
0.5651053864168618,3.8045789843159743
0.5653395784543325,3.80107677345288
0.5655737704918032,3.7975538564173554
0.5658079625292741,3.751731175930585
0.5660421545667448,3.7855078564455678
0.5662763466042156,3.7856493652566
0.5665105386416862,3.7791982968981843
0.566744730679157,3.7789941148163715
0.5669789227166276,3.7787960418361894
0.5672131147540984,3.7788588989573357
0.5674473067915691,3.7784881119087754
0.5676814988290398,3.783634392797508
0.5679156908665105,3.7843386936627037
0.5681498829039813,3.8011123217881213
0.5683840749414519,3.7970427531880278
0.5686182669789228,3.801000928499421
0.5688524590163935,3.891126974414894
0.5690866510538642,3.8914781007401236
0.5693208430913349,3.8917911580967477
0.5695550351288057,3.894759553064568
0.5697892271662763,3.970643922331588
0.5700234192037471,3.974743559141997
0.5702576112412178,3.970433598719587
0.5704918032786885,3.9743845286108743
0.5707259953161592,3.973147906287065
0.57096018735363,3.974139658364835
0.5711943793911006,3.9741288418886365
0.5714285714285715,3.9732306178560792
0.5716627634660422,3.9693126191054975
0.5718969555035129,3.9736945766214786
0.5721311475409836,3.9695533398243388
0.5723653395784544,3.975241041915574
0.572599531615925,3.9763751034943553
0.5728337236533958,3.881769452398373
0.5730679156908665,3.88216036607419
0.5733021077283372,3.803519291103435
0.5735362997658079,3.8034617503475294
0.5737704918032787,3.803474546847101
0.5740046838407493,3.799482158492022
0.5742388758782202,3.8033996269848647
0.5744730679156909,3.7993062469966445
0.5747072599531616,3.8079375153517607
0.5749414519906323,3.8079325509344337
0.5751756440281031,3.807649975534443
0.5754098360655738,3.8076662788010167
0.5756440281030445,3.8083189533308306
0.5758782201405153,3.8102433020175788
0.5761124121779859,3.8103511355133177
0.5763466042154567,3.810902165009777
0.5765807962529274,3.8114588105952305
0.5768149882903982,3.8118416850356076
0.5770491803278689,3.8120135512609936
0.5772833723653397,3.811724664629515
0.5775175644028103,3.809049980082827
0.5777517564402811,3.8087061112954874
0.5779859484777518,3.8047640345774187
0.5782201405152225,3.8089680278082803
0.5784543325526932,3.805744649399281
0.578688524590164,3.808623235628218
0.5789227166276346,3.8046763190368527
0.5791569086651054,3.8058801742155692
0.579391100702576,3.8057589923658823
0.5796252927400469,3.805569691958922
0.5798594847775176,3.805419060592728
0.5800936768149884,3.8057050525060134
0.580327868852459,3.8016505165094063
0.5805620608899298,3.801062767726514
0.5807962529274004,3.8034958855346894
0.5810304449648712,3.8039389530966825
0.5812646370023419,3.80400097362538
0.5814988290398126,3.80419143456518
0.5817330210772833,3.804037365711835
0.5819672131147541,3.804874819971879
0.5822014051522247,3.8008154479504275
0.5824355971896956,3.804178079004932
0.5826697892271663,3.8002021176863288
0.582903981264637,3.804486877149929
0.5831381733021077,3.8003789321960335
0.5833723653395785,3.8043100850626494
0.5836065573770491,3.8041878437580676
0.5838407494145199,3.8039176824821648
0.5840749414519906,3.803975369897196
0.5843091334894613,3.804192208733284
0.584543325526932,3.800161173176371
0.5847775175644028,3.8022697149723825
0.5850117096018737,3.802043033779684
0.5852459016393443,3.800168706528289
0.5854800936768151,3.8030328732795065
0.5857142857142857,3.7272192920922733
0.5859484777517565,3.729163924321539
0.5861826697892272,3.729612138675216
0.5864168618266979,3.7295774670998356
0.5866510538641686,3.716536849761198
0.5868852459016394,3.7153535512608897
0.58711943793911,3.7157164631601725
0.5873536299765808,3.715647928554188
0.5875878220140515,3.717629335950943
0.5878220140515223,3.7166641350721865
0.588056206088993,3.7166171899898868
0.5882903981264638,3.7189871819314164
0.5885245901639344,3.715319052561207
0.5887587822014052,3.717335620921248
0.5889929742388759,3.714113545667517
0.5892271662763466,3.7169428014747674
0.5894613583138173,3.7130614253076466
0.5896955503512881,3.716032280980623
0.5899297423887587,3.71520488457807
0.5901639344262295,3.714908437325627
0.5903981264637002,3.7149365154721967
0.590632318501171,3.717674930886042
0.5908665105386417,3.713714193528169
0.5911007025761125,3.717073297346621
0.5913348946135831,3.713279470395988
0.5915690866510539,3.7165559455536616
0.5918032786885246,3.7165068802888213
0.5920374707259953,3.7169405801213755
0.592271662763466,3.717036363580337
0.5925058548009368,3.716906342657184
0.5927400468384074,3.7134272766476726
0.5929742388758782,3.71623979420473
0.593208430913349,3.712287380441345
0.5934426229508197,3.7163994777125806
0.5936768149882904,3.7133310657753844
0.5939110070257612,3.6557433670106496
0.5941451990632318,3.5748787037939547
0.5943793911007026,3.5686216820205825
0.5946135831381734,3.558706240025531
0.594847775175644,3.5571681539664075
0.5950819672131148,3.5518481024733113
0.5953161592505855,3.552180989119275
0.5955503512880562,3.552424290857244
0.5957845433255269,3.5526326460594344
0.5960187353629978,3.5525097685192955
0.5962529274004684,3.552449814113894
0.5964871194379392,3.5525222133207643
0.5967213114754099,3.5522313046480947
0.5969555035128806,3.5214955290052155
0.5971896955503513,3.5216320144201734
0.5974238875878221,3.5211805095178708
0.5976580796252927,3.5174952917886007
0.5978922716627635,3.5211752037517328
0.5981264637002341,3.521156014665707
0.5983606557377049,3.5238967518577415
0.5985948477751756,3.524099901913671
0.5988290398126465,3.523583494035224
0.5990632318501171,3.5199411684234456
0.5992974238875879,3.523273070852434
0.5995316159250585,3.5194512043503403
0.5997658079625293,3.5235277903628526
0.6,3.51990255379032
0.6002341920374707,3.5193691943998093
0.6004683840749414,3.5193197673084486
0.6007025761124122,3.5197204047963515
0.6009367681498828,3.519497276037538
0.6011709601873536,3.5197784796824934
0.6014051522248243,3.515936865568744
0.6016393442622952,3.519909619194071
0.6018735362997658,3.51673144525004
0.6021077283372366,3.5205664257717197
0.6023419203747072,3.521182770411572
0.602576112412178,3.521133452591774
0.6028103044496487,3.5211318115681727
0.6030444964871194,3.521175010956569
0.6032786885245901,3.5212046028304287
0.6035128805620609,3.521209408344584
0.6037470725995315,3.51739491108302
0.6039812646370023,3.5202822115974324
0.6042154566744732,3.4819376919956833
0.6044496487119438,3.4810920961476257
0.6046838407494146,3.4815080570682926
0.6049180327868853,3.4810866632829978
0.605152224824356,3.481044921372931
0.6053864168618267,3.481384105007931
0.6056206088992975,3.480714236639405
0.6058548009367681,3.4176251697080247
0.6060889929742389,3.417541717399463
0.6063231850117096,3.417451601661308
0.6065573770491803,3.3490750007619945
0.606791569086651,3.3489776373383497
0.6070257611241219,3.3491684739232923
0.6072599531615925,3.3462316995102106
0.6074941451990633,3.2648220214492927
0.607728337236534,3.2613611259446222
0.6079625292740047,3.2642747430626198
0.6081967213114754,3.260821284325976
0.6084309133489462,3.2640684823475903
0.6086651053864168,3.2636384707911934
0.6088992974238876,3.264556663952228
0.6091334894613583,3.2576221332525908
0.609367681498829,3.256988798516115
0.6096018735362997,3.2536158162320814
0.6098360655737706,3.2513806113569945
0.6100702576112412,3.2479307029409688
0.610304449648712,3.2517059086581956
0.6105386416861827,3.2483011565896165
0.6107728337236534,3.2462287169273005
0.6110070257611241,3.2460619453220305
0.6112412177985949,3.23440592819177
0.6114754098360655,3.234699517230123
0.6117096018735363,3.2335537756469064
0.611943793911007,3.2302091235817914
0.6121779859484777,3.1955826840245933
0.6124121779859485,3.1923513066739946
0.6126463700234193,3.156318102566712
0.6128805620608899,3.152887732272882
0.6131147540983607,3.128338899047468
0.6133489461358314,3.128448844692818
0.6135831381733021,3.1287222961572225
0.6138173302107729,3.0746804945857926
0.6140515222482436,3.0751033045623353
0.6142857142857143,3.074827356655386
0.614519906323185,3.0685949846770817
0.6147540983606558,3.068742774983396
0.6149882903981264,2.9743920053391273
0.6152224824355973,2.9743740594585497
0.615456674473068,2.974451954192499
0.6156908665105387,2.9742354228159074
0.6159250585480094,2.9120632364108876
0.6161592505854802,2.9120068664566308
0.6163934426229508,2.9122685700361686
0.6166276346604216,2.9122994430753315
0.6168618266978922,2.9093527575406446
0.617096018735363,2.912337447962476
0.6173302107728337,2.91242714206334
0.6175644028103044,2.91240139715608
0.6177985948477751,2.9125978365068064
0.618032786885246,2.913702653944896
0.6182669789227166,2.910593026474016
0.6185011709601874,2.91360853605191
0.6187353629976581,2.9105782861542173
0.6189695550351288,2.913661684541246
0.6192037470725995,2.912315194593078
0.6194379391100703,2.915364678654125
0.6196721311475409,2.9153717301228146
0.6199063231850117,2.9149540123729563
0.6201405152224824,2.91520708943227
0.6203747072599531,2.915476527397577
0.6206088992974239,2.912431008331327
0.6208430913348947,2.915266223798411
0.6210772833723653,2.912814861926833
0.6213114754098361,2.9159493961451193
0.6215456674473068,2.9159233975496814
0.6217798594847775,2.915486887009212
0.6220140515222482,2.9158632309664005
0.622248243559719,2.9159144713602347
0.6224824355971896,2.9127954973752646
0.6227166276346604,2.90619476577401
0.6229508196721311,2.903298272030549
0.6231850117096018,2.8917418659839007
0.6234192037470727,2.8914895557830187
0.6236533957845434,2.8913790509902286
0.6238875878220141,2.8913113273885704
0.6241217798594848,2.8916770143295234
0.6243559718969556,2.8916946116084756
0.6245901639344262,2.8921664651995904
0.624824355971897,2.892069937429808
0.6250585480093677,2.8922813383665202
0.6252927400468384,2.8922254999314854
0.6255269320843091,2.8923979947755125
0.6257611241217799,2.8925486581262527
0.6259953161592505,2.89232938342081
0.6262295081967214,2.8922195425667807
0.6264637002341921,2.893934623056124
0.6266978922716628,2.8938729927330855
0.6269320843091335,2.8936512320895362
0.6271662763466043,2.896892757362315
0.6274004683840749,2.8939557737959043
0.6276346604215457,2.897494801197
0.6278688524590164,2.8635722276927993
0.6281030444964871,2.863665923224168
0.6283372365339578,2.863679620819757
0.6285714285714286,2.8635204504593763
0.6288056206088993,2.8607426543905197
0.6290398126463701,2.862842665648091
0.6292740046838408,2.8598786939571945
0.6295081967213115,2.860658166327581
0.6297423887587822,2.8575214375232596
0.629976580796253,2.8096533258758094
0.6302107728337236,2.8095542059903553
0.6304449648711944,2.8095453384402242
0.630679156908665,2.771683167455036
0.6309133489461358,2.7720639054867124
0.6311475409836065,2.7715511962578314
0.6313817330210773,2.77371431519968
0.631615925058548,2.7746533821590926
0.6318501170960188,2.778121442021484
0.6320843091334895,2.778226678586702
0.6323185011709602,2.7778776394656806
0.6325526932084309,2.7777325509630324
0.6327868852459017,2.777950859681419
0.6330210772833724,2.778334261548513
0.6332552693208431,2.780962724245754
0.6334894613583139,2.7810755488634578
0.6337236533957845,2.781118804729091
0.6339578454332553,2.780967875540127
0.6341920374707259,2.7807833880893917
0.6344262295081968,2.7806425653480438
0.6346604215456675,2.7789194252112517
0.6348946135831383,2.7835241797347416
0.6351288056206089,2.782720700327032
0.6353629976580797,2.7776407021971927
0.6355971896955503,2.778183839985357
0.6358313817330211,2.7124242011981434
0.6360655737704918,2.7101882438428198
0.6362997658079625,2.6409247890416787
0.6365339578454332,2.6414842913956478
0.636768149882904,2.640891131244511
0.6370023419203746,2.6412146134070804
0.6372365339578455,2.641534409336005
0.6374707259953162,2.638751113798345
0.637704918032787,2.6362569551547637
0.6379391100702576,2.63374532782577
0.6381733021077284,2.6369197968915303
0.638407494145199,2.639419586700555
0.6386416861826698,2.6368849526994222
0.6388758782201405,2.631935975697259
0.6391100702576112,2.6314389879804896
0.6393442622950819,2.629734599581699
0.6395784543325527,2.6329216266969095
0.6398126463700234,2.6305591630777014
0.6400468384074942,2.6324520606029016
0.6402810304449649,2.629722763886085
0.6405152224824356,2.557742577195163
0.6407494145199063,2.650710844843153
0.6409836065573771,2.6503377557576546
0.6412177985948477,2.7209671069713095
0.6414519906323185,2.724849668587309
0.6416861826697892,2.7222672702719617
0.6419203747072599,2.7247500571545387
0.6421545667447306,2.721811704592258
0.6423887587822014,2.7086806681351083
0.6426229508196721,2.708685480282241
0.6428571428571429,2.7083824304084363
0.6430913348946137,2.7084624981487093
0.6433255269320843,2.7079036786515824
0.6435597189695551,2.7078712837693373
0.6437939110070258,2.706702370504937
0.6440281030444965,2.7067800062125658
0.6442622950819672,2.7071439616730286
0.644496487119438,2.707747394867132
0.6447306791569086,2.7044784478147994
0.6449648711943794,2.7041754522874064
0.6451990632318501,2.70331893588461
0.6454332552693209,2.711489196972037
0.6456674473067916,2.708675488778981
0.6459016393442624,2.7079157144560155
0.646135831381733,2.7050486280508834
0.6463700234192038,2.7070969742439743
0.6466042154566745,2.70429049102533
0.6468384074941452,2.705288439480217
0.6470725995316159,2.7058343869587302
0.6473067915690867,2.7051008516140977
0.6475409836065573,2.7050254921823127
0.6477751756440281,2.705395100666049
0.6480093676814989,2.702495062296246
0.6482435597189696,2.7048490877659637
0.6484777517564403,2.7097939282579446
0.6487119437939111,2.707522501027738
0.6489461358313817,2.7074824439004703
0.6491803278688525,2.707523663199791
0.6494145199063232,2.7080966850040173
0.6496487119437939,2.7129028035027165
0.6498829039812646,2.710021131680827
0.6501170960187354,2.711756407689602
0.650351288056206,2.7088208778694396
0.6505854800936768,2.7114644240841237
0.6508196721311476,2.7092113078456004
0.6510538641686183,2.713671848240123
0.651288056206089,2.7130933242826685
0.6515222482435598,2.713032547962773
0.6517564402810304,2.7128865031922365
0.6519906323185012,2.713788830194788
0.6522248243559718,2.713655833676436
0.6524590163934426,2.7152049892450463
0.6526932084309134,2.715053662161187
0.652927400468384,2.7149609867314486
0.6531615925058548,2.7140656662937026
0.6533957845433255,2.7088988236118463
0.6536299765807964,2.709570381506701
0.653864168618267,2.709537504508017
0.6540983606557378,2.709569912209082
0.6543325526932084,2.700899718157458
0.6545667447306792,2.700974242982221
0.6548009367681499,2.696200886608257
0.6550351288056206,2.6991967662287117
0.6552693208430913,2.7223359497119803
0.6555035128805621,2.7218217696470846
0.6557377049180327,2.722025666280228
0.6559718969555035,2.7223792706331675
0.6562060889929743,2.7194354123845335
0.656440281030445,2.7210575843052442
0.6566744730679157,2.718175843934494
0.6569086651053865,2.7321538880306107
0.6571428571428571,2.729213520553389
0.6573770491803279,2.7310142727037414
0.6576112412177986,2.7308842279853716
0.6578454332552693,2.7286623547102837
0.65807962529274,2.728849286003274
0.6583138173302108,2.7289763753101464
0.6585480093676814,2.7260840379116065
0.6587822014051522,2.726810668073473
0.659016393442623,2.7242255765620698
0.6592505854800937,2.726623624599555
0.6594847775175644,2.726964361277406
0.6597189695550352,2.7267407613010626
0.6599531615925058,2.726673979549116
0.6601873536299766,2.725327432918695
0.6604215456674473,2.7223642105495682
0.660655737704918,2.7252085488984252
0.6608899297423887,2.7223093547414536
0.6611241217798595,2.7250339100784036
0.6613583138173301,2.721986019336244
0.6615925058548009,2.6324030834992747
0.6618266978922717,2.6323124166595933
0.6620608899297424,2.6233830460081276
0.6622950819672132,2.623317003599272
0.6625292740046839,2.610750959483172
0.6627634660421546,2.607263061853882
0.6629976580796253,2.606272073742987
0.6632318501170961,2.6058359299640474
0.6634660421545667,2.60657997494667
0.6637002341920375,2.6073480234781505
0.6639344262295082,2.607447184335075
0.6641686182669789,2.6073160454320665
0.6644028103044497,2.6076609155061283
0.6646370023419205,2.607968263018573
0.6648711943793911,2.608036660508921
0.6651053864168619,2.598781734033093
0.6653395784543326,2.597937927634899
0.6655737704918033,2.62336274457437
0.665807962529274,2.627226134838478
0.6660421545667448,2.626995861100281
0.6662763466042154,2.6278546039334767
0.6665105386416862,2.6008919293618695
0.6667447306791568,2.6491257690615395
0.6669789227166276,2.638184960444453
0.6672131147540984,2.672001791271685
0.6674473067915692,2.665644564462697
0.6676814988290398,2.6627264947333926
0.6679156908665106,2.6673497423034656
0.6681498829039813,2.747347015424962
0.668384074941452,2.74612383451486
0.6686182669789227,2.746201199730351
0.6688524590163935,2.745287497853959
0.6690866510538641,2.7430506595776087
0.6693208430913349,2.7455954265575033
0.6695550351288055,2.7510224697844725
0.6697892271662763,2.690581625128954
0.6700234192037471,2.690391495932594
0.6702576112412179,2.6979738458099876
0.6704918032786885,2.698676128515984
0.6707259953161593,2.6986542349889886
0.6709601873536299,2.695918577274392
0.6711943793911007,2.698934387609107
0.6714285714285714,2.6960836629856018
0.6716627634660421,2.698760423534346
0.6718969555035129,2.699971687751125
0.6721311475409836,2.6999844883282855
0.6723653395784543,2.7051984319452362
0.6725995316159251,2.7209000244178956
0.6728337236533959,2.7267083263357743
0.6730679156908665,2.7371125158847653
0.6733021077283373,2.7374374280324956
0.673536299765808,2.7371953563805134
0.6737704918032787,2.737375058051337
0.6740046838407494,2.739164644163919
0.6742388758782202,2.739391219477325
0.6744730679156908,2.7394352806691544
0.6747072599531616,2.739531729891844
0.6749414519906323,2.739601672425691
0.675175644028103,2.739579269748452
0.6754098360655738,2.7386584538206056
0.6756440281030446,2.7388758152060864
0.6758782201405152,2.736197847184059
0.676112412177986,2.7402239495885294
0.6763466042154567,2.738397337040409
0.6765807962529274,2.738357400808933
0.6768149882903981,2.737565573007492
0.6770491803278689,2.7376235083391856
0.6772833723653395,2.7385073270407227
0.6775175644028103,2.741035311538861
0.677751756440281,2.738677783114082
0.6779859484777517,2.7380151768956247
0.6782201405152225,2.735118276817876
0.6784543325526933,2.737220382636384
0.6786885245901639,2.7371897026338163
0.6789227166276347,2.736173176516499
0.6791569086651054,2.73676072531575
0.6793911007025761,2.737514469422758
0.6796252927400468,2.734628886987795
0.6798594847775176,2.7425562529596306
0.6800936768149882,2.7401560689915696
0.680327868852459,2.7422560404055814
0.6805620608899297,2.7394395923829826
0.6807962529274004,2.7416803610828966
0.6810304449648712,2.742504381732911
0.681264637002342,2.7425449487660334
0.6814988290398127,2.6661822929855314
0.6817330210772834,2.6670172223983526
0.6819672131147542,2.6664764592512973
0.6822014051522248,2.666794377459803
0.6824355971896956,2.6665583523383765
0.6826697892271663,2.6665549186865003
0.682903981264637,2.6649337042410814
0.6831381733021077,2.665745829844578
0.6833723653395785,2.665501082714488
0.6836065573770492,2.665462030073803
0.68384074941452,2.66541995756536
0.6840749414519907,2.6647970715682265
0.6843091334894614,2.6647641272666878
0.6845433255269321,2.6621443001259504
0.6847775175644029,2.665002473754047
0.6850117096018735,2.6623455994899783
0.6852459016393443,2.665115684297237
0.685480093676815,2.6627431271323014
0.6857142857142857,2.6529637343385994
0.6859484777517564,2.6503526622485785
0.6861826697892272,2.5681116361007987
0.6864168618266979,2.5660928686396955
0.6866510538641687,2.562121941073447
0.6868852459016394,2.55942040435773
0.6871194379391101,2.5610914488716916
0.6873536299765808,2.558769764560311
0.6875878220140516,2.560268174880377
0.6878220140515222,2.5601117714003396
0.688056206088993,2.57034059450297
0.6882903981264636,2.568379043306306
0.6885245901639344,2.566162341815367
0.6887587822014051,2.5637399018115183
0.6889929742388758,2.561689318770842
0.6892271662763466,2.558993269455826
0.6894613583138174,2.5597437052143324
0.689695550351288,2.5595632383761715
0.6899297423887588,2.5593406836679042
0.6901639344262295,2.466061810519533
0.6903981264637002,2.4660426583153163
0.6906323185011709,2.4638610240003818
0.6908665105386417,2.4638119191745758
0.6911007025761124,2.466506754444629
0.6913348946135831,2.4642993344073774
0.6915690866510539,2.4667822245239797
0.6918032786885246,2.4644268590523404
0.6920374707259954,2.4649061829940666
0.6922716627634661,2.4625212327451296
0.6925058548009368,2.465477603827224
0.6927400468384075,2.4769178853390224
0.6929742388758783,2.4786771548828277
0.6932084309133489,2.4760980747010204
0.6934426229508197,2.4779529566578042
0.6936768149882904,2.4754949020910018
0.6939110070257611,2.4796346277367234
0.6941451990632318,2.4771144536398966
0.6943793911007026,2.4790659545996703
0.6946135831381733,2.476525903956457
0.6948477751756441,2.4790314161050495
0.6950819672131148,2.476397899161018
0.6953161592505855,2.4791394712958783
0.6955503512880562,2.554350584830008
0.695784543325527,2.5577080613245893
0.6960187353629976,2.5560404776192853
0.6962529274004684,2.5602764197178827
0.6964871194379391,2.5575387801104945
0.6967213114754098,2.5576185196032686
0.6969555035128805,2.5549717692094434
0.6971896955503513,2.551797413430531
0.697423887587822,2.5491376459118906
0.6976580796252928,2.5497323573957047
0.6978922716627635,2.5481320605085354
0.6981264637002342,2.5464904414168656
0.6983606557377049,2.543995694363919
0.6985948477751757,2.4817554022701716
0.6988290398126463,2.479287333474339
0.6990632318501171,2.4793865039961616
0.6992974238875878,2.479393997543219
0.6995316159250585,2.4793509362546002
0.6997658079625292,2.44546897969176
0.7000000000000001,2.439473648151868
0.7002341920374707,2.443273895971069
0.7004683840749415,2.437523475867983
0.7007025761124123,2.4465833904280494
0.7009367681498829,2.4508550174846846
0.7011709601873537,2.4528646956252147
0.7014051522248244,2.4522453723635635
0.7016393442622951,2.454803938757418
0.7018735362997658,2.4522769593034996
0.7021077283372366,2.4498706351243653
0.7023419203747072,2.4485954386493054
0.702576112412178,2.4528002041049266
0.7028103044496488,2.4501063472862854
0.7030444964871195,2.4022275105258593
0.7032786885245902,2.40048207398743
0.703512880562061,2.396823801721964
0.7037470725995316,2.394297016575407
0.7039812646370024,2.3967005268041657
0.704215456674473,2.3974939089067777
0.7044496487119438,2.3971114748640874
0.7046838407494145,2.394698446352147
0.7049180327868853,2.396431513717576
0.7051522248243559,2.394045165709856
0.7053864168618267,2.3820670732422413
0.7056206088992975,2.3801258056303096
0.7058548009367682,2.3755053271730477
0.7060889929742389,2.3730646599618384
0.7063231850117097,2.3751376544733396
0.7065573770491803,2.3726902713467237
0.7067915690866511,2.375079442077621
0.7070257611241217,2.372591127493924
0.7072599531615925,2.3710399995851112
0.7074941451990632,2.3684962484746186
0.7077283372365339,2.368874707896513
0.7079625292740046,2.3665679556581076
0.7081967213114755,2.3661418490669734
0.7084309133489461,2.363639631774307
0.7086651053864169,2.271464850621337
0.7088992974238876,2.271685565793423
0.7091334894613583,2.285184079436161
0.709367681498829,2.2848159917361692
0.7096018735362998,2.2990484048591973
0.7098360655737704,2.298816455045671
0.7100702576112412,2.2223971294156626
0.710304449648712,2.2276892570168734
0.7105386416861826,2.2257612068751875
0.7107728337236534,2.2255026049257065
0.7110070257611242,2.2232555507763423
0.711241217798595,2.1241582974662334
0.7114754098360656,2.1225919461104903
0.7117096018735364,2.115931767499427
0.711943793911007,2.1137294357063703
0.7121779859484778,2.1507897781006253
0.7124121779859485,2.1490107657650546
0.7126463700234192,2.108043174024106
0.7128805620608899,2.1062932654867224
0.7131147540983607,2.1146242435339637
0.7133489461358313,2.1216903357741317
0.7135831381733021,2.123486990954972
0.7138173302107729,2.1213860408898992
0.7140515222482436,2.123623742777833
0.7142857142857143,2.1215300293106423
0.7145199063231851,2.122192821887595
0.7147540983606557,2.120171798803015
0.7149882903981265,2.01453590934222
0.7152224824355972,2.0125581326684463
0.7154566744730679,2.0156235531177864
0.7156908665105386,2.0137292711916537
0.7159250585480094,2.015392153975871
0.71615925058548,2.013280836573224
0.7163934426229508,2.0115038794014968
0.7166276346604216,2.0094242855898035
0.7168618266978923,2.010683979493698
0.717096018735363,2.009293014684641
0.7173302107728338,2.0142830119666755
0.7175644028103044,2.0121015321722884
0.7177985948477752,1.9828304633380147
0.7180327868852459,1.9808014519976564
0.7182669789227166,1.9768057962319858
0.7185011709601873,1.976911368277178
0.7187353629976581,1.9769932880300813
0.7189695550351287,1.9772245064038836
0.7192037470725996,1.9784438475747694
0.7194379391100703,1.9783819625201808
0.719672131147541,1.9872968552964483
0.7199063231850117,1.987216359048853
0.7201405152224825,1.987229667505315
0.7203747072599532,1.9861226425380751
0.7206088992974239,1.9843972631154978
0.7208430913348947,1.977718214905851
0.7210772833723653,1.976102739914642
0.7213114754098361,1.9785233466642675
0.7215456674473067,1.9770204705993257
0.7217798594847775,1.9789721626239112
0.7220140515222483,1.9769842720214208
0.7222482435597191,1.9762149165911596
0.7224824355971897,1.9741860499690975
0.7227166276346605,1.9737616484384215
0.7229508196721312,1.9723677337218128
0.7231850117096019,2.031834705820256
0.7234192037470726,2.0297094655449013
0.7236533957845434,2.0306443095710334
0.723887587822014,2.0287406202655864
0.7241217798594848,2.0294422989999767
0.7243559718969554,2.028358064985576
0.7245901639344262,1.986740849755864
0.724824355971897,1.9846989443102292
0.7250585480093678,1.9867068235569536
0.7252927400468384,1.984717932739771
0.7255269320843092,1.986103408536522
0.7257611241217798,2.0372207365716735
0.7259953161592506,2.0390367940343648
0.7262295081967213,2.036934058511928
0.726463700234192,2.039254796127571
0.7266978922716627,2.037072714369364
0.7269320843091335,2.03902669671488
0.7271662763466041,2.0368360818581737
0.727400468384075,2.038713567316839
0.7276346604215457,2.036841871476095
0.7278688524590164,2.0367510433013387
0.7281030444964871,2.0367791904490935
0.7283372365339579,2.0369224011140186
0.7285714285714285,2.0368663768058983
0.7288056206088993,2.045483255801889
0.72903981264637,2.0455131364856114
0.7292740046838407,2.052044373961543
0.7295081967213114,2.050790364866859
0.7297423887587822,2.0499281135882064
0.7299765807962529,2.051994335414946
0.7302107728337237,2.0499216803396556
0.7304449648711945,2.0522806866601506
0.7306791569086651,2.050098188083968
0.7309133489461359,2.0523508952831624
0.7311475409836066,2.0507290311546353
0.7313817330210773,2.052941002323489
0.731615925058548,2.051226566927402
0.7318501170960188,2.035960453991892
0.7320843091334894,2.0338907123869254
0.7323185011709602,2.035955533224702
0.7325526932084309,2.0338159387073134
0.7327868852459016,2.035515666619051
0.7330210772833724,2.0356220237878273
0.7332552693208432,2.0376577167539773
0.7334894613583138,2.0381035897488573
0.7337236533957846,2.03974535615242
0.7339578454332553,2.0378316702739547
0.734192037470726,2.041510193265017
0.7344262295081967,2.039380920529459
0.7346604215456675,2.033415990725621
0.7348946135831381,2.0315738856801375
0.7351288056206089,2.0301047596766875
0.7353629976580796,2.0304146250944686
0.7355971896955504,1.9622721878334
0.7358313817330211,1.9604826695898414
0.7360655737704919,1.9628378076570676
0.7362997658079625,1.9610638716364392
0.7365339578454333,1.9626819605940673
0.736768149882904,1.9610604449253346
0.7370023419203747,1.889389505623714
0.7372365339578454,1.8875010160581824
0.7374707259953162,1.8655030155277401
0.7377049180327868,1.865190943952684
0.7379391100702576,1.912659505930854
0.7381733021077282,1.912814287602976
0.7384074941451991,1.9165050228013836
0.7386416861826698,1.9171931768597275
0.7388758782201406,1.918623021798996
0.7391100702576112,1.9256792086045273
0.739344262295082,1.9321210472533588
0.7395784543325528,1.9412849209809482
0.7398126463700234,1.939494258828632
0.7400468384074942,1.941828183778697
0.7402810304449648,1.9413719325686178
0.7405152224824356,1.943374444844992
0.7407494145199063,1.9414867971628595
0.740983606557377,1.9437158322952002
0.7412177985948478,1.9436221835547463
0.7414519906323186,1.9461581584456351
0.7416861826697893,1.9449965976225232
0.74192037470726,1.9462511278429548
0.7421545667447307,1.9443203622796539
0.7423887587822015,1.9454023807080547
0.7426229508196721,1.9434180757467958
0.7428571428571429,1.9443691484747674
0.7430913348946135,1.9478859560022008
0.7433255269320843,1.9477316719381441
0.743559718969555,1.9457735991530902
0.7437939110070259,1.9475915972528044
0.7440281030444965,1.945702037094436
0.7442622950819673,1.9475716066541833
0.7444964871194379,1.9455462128411887
0.7447306791569087,1.9474279640426257
0.7449648711943794,1.9454996523607049
0.7451990632318501,1.9484107754304438
0.7454332552693208,1.9465310119154038
0.7456674473067916,1.9469398141738052
0.7459016393442622,1.9451335007053374
0.746135831381733,1.9470706659278176
0.7463700234192037,1.9460792756014014
0.7466042154566745,1.9491600213373075
0.7468384074941452,1.9472050724072978
0.747072599531616,1.9468006738563315
0.7473067915690866,1.9467885271600747
0.7475409836065574,1.9969729954974575
0.7477751756440281,1.9834443459403026
0.7480093676814988,1.98399508091478
0.7482435597189695,1.9847327987318495
0.7484777517564403,1.9848257380107064
0.7487119437939109,1.9852845956750569
0.7489461358313817,1.985693923752098
0.7491803278688525,1.9879608087030494
0.7494145199063232,1.9861301790340324
0.749648711943794,1.9803860953092167
0.7498829039812647,1.9792105603606671
0.7501170960187354,1.9822998734286936
0.7503512880562061,1.9801636389886572
0.7505854800936769,1.9850954438391983
0.7508196721311475,1.9833483524660314
0.7510538641686183,1.987829497314503
0.751288056206089,1.9860483380387404
0.7515222482435597,1.990558220119108
0.7517564402810304,1.9884341073807235
0.7519906323185012,1.9904787405677777
0.7522248243559719,1.9884300500257193
0.7524590163934427,1.990859023905467
0.7526932084309134,1.9887693349308782
0.7529274004683841,1.9909169915661717
0.7531615925058548,1.9888439429771045
0.7533957845433256,1.9907612494372489
0.7536299765807962,1.9887433789449969
0.753864168618267,1.990560965011848
0.7540983606557377,1.9884993232128128
0.7543325526932084,1.990666893660188
0.7545667447306791,1.9886208898677293
0.75480093676815,1.9906779864338724
0.7550351288056206,1.9887094978513835
0.7552693208430914,1.9913312221216508
0.7555035128805621,1.9892526671050417
0.7557377049180328,1.9914447727703486
0.7559718969555035,1.991872791591374
0.7562060889929743,1.9938163676706517
0.7564402810304449,1.991805169811165
0.7566744730679157,1.9924621190391183
0.7569086651053863,1.9959760511198108
0.7571428571428571,2.001220738160862
0.7573770491803278,2.001410100914137
0.7576112412177987,2.015388123569691
0.7578454332552693,2.0156859817960013
0.7580796252927401,2.0158410008516747
0.7583138173302107,2.0111506736925575
0.7585480093676815,2.0112720756077516
0.7587822014051523,2.01510227670706
0.759016393442623,2.0137195242141535
0.7592505854800937,2.011566132172541
0.7594847775175644,2.0095280460338927
0.7597189695550352,2.011674163791677
0.7599531615925058,2.0097092796542846
0.7601873536299766,2.0163385387364907
0.7604215456674474,2.014165983417864
0.7606557377049181,2.012922390487315
0.7608899297423888,2.011172539025204
0.7611241217798596,1.9192274401572238
0.7613583138173302,1.917382833797171
0.761592505854801,1.961061300138922
0.7618266978922716,1.95951478343947
0.7620608899297424,1.9616749416828196
0.7622950819672131,1.9596025105858998
0.7625292740046838,1.8874884884214138
0.7627634660421545,1.8855164260618156
0.7629976580796254,1.887576425777037
0.763231850117096,1.8858892963836225
0.7634660421545668,1.887911679051155
0.7637002341920375,1.8864366128684629
0.7639344262295082,1.8951893930129473
0.7641686182669789,1.8947667952454796
0.7644028103044497,1.8950503735468862
0.7646370023419203,1.8932363256410483
0.7648711943793911,1.8956276123644404
0.7651053864168618,1.8941401996546348
0.7653395784543325,1.8954609039216856
0.7655737704918032,1.893837775328273
0.7658079625292741,1.8551797729751356
0.7660421545667447,1.855796834322112
0.7662763466042155,1.9314154325652193
0.7665105386416862,1.930502053064856
0.7667447306791569,1.930977925990789
0.7669789227166276,1.9315146514859907
0.7672131147540984,1.9321757037936562
0.767447306791569,1.933095751403224
0.7676814988290398,1.9339125126948458
0.7679156908665105,1.9339997866033658
0.7681498829039812,1.935911164245867
0.768384074941452,1.9389053746470473
0.7686182669789228,1.9370700609264182
0.7688524590163935,1.8955043576647255
0.7690866510538642,1.8934728315652527
0.769320843091335,1.8954874724323838
0.7695550351288056,1.8940684292275978
0.7697892271662764,1.896449471012923
0.7700234192037471,1.8945129681502106
0.7702576112412178,1.8764728712710976
0.7704918032786885,1.8746260479549108
0.7707259953161593,1.8760806961866612
0.7709601873536299,1.8741095554857958
0.7711943793911008,1.8675401581646967
0.7714285714285715,1.868408755623249
0.7716627634660422,1.8601244230613245
0.7718969555035129,1.8582979827043242
0.7721311475409837,1.8603182748500746
0.7723653395784543,1.8584841979238926
0.7725995316159251,1.861311494621766
0.7728337236533958,1.8593662155437185
0.7730679156908665,1.8612526747919775
0.7733021077283372,1.8594353002489419
0.773536299765808,1.8608527025384465
0.7737704918032786,1.8595677938083663
0.7740046838407495,1.8610948753278973
0.7742388758782202,1.859632593278657
0.7744730679156909,1.8610354329927319
0.7747072599531616,1.8591780796827666
0.7749414519906324,1.9190846570741509
0.775175644028103,1.9170406220300258
0.7754098360655738,1.9167755396906638
0.7756440281030444,1.9207645897678274
0.7758782201405152,1.9293917858805676
0.7761124121779859,1.9298750117492502
0.7763466042154566,1.9297799849199666
0.7765807962529273,1.9275918883772962
0.7768149882903982,1.8938567178573646
0.7770491803278688,1.8938264779408718
0.7772833723653396,1.8937427392166142
0.7775175644028103,1.8958770300691352
0.777751756440281,1.895874018402869
0.7779859484777518,1.897873032760518
0.7782201405152225,1.8959936120361225
0.7784543325526933,1.8919542258162056
0.7786885245901639,1.8899759257460225
0.7789227166276347,1.8753934335773312
0.7791569086651053,1.873486443654688
0.7793911007025762,1.7848072317973935
0.7796252927400469,1.783362146752125
0.7798594847775177,1.7843656961536707
0.7800936768149883,1.7825451599629778
0.7803278688524591,1.7001477018138
0.7805620608899297,1.6984532664901242
0.7807962529274005,1.7012637021674923
0.7810304449648712,1.6994784784465513
0.7812646370023419,1.7003088640269344
0.7814988290398126,1.698549784500191
0.7817330210772834,1.7019811699041463
0.781967213114754,1.700925421384003
0.7822014051522249,1.702087969502004
0.7824355971896956,1.719307976705085
0.7826697892271663,1.7196847211480486
0.782903981264637,1.7180508581191622
0.7831381733021078,1.7130035956931662
0.7833723653395784,1.7112344556956067
0.7836065573770492,1.7115786557642276
0.7838407494145199,1.7100679270049248
0.7840749414519906,1.7115184648774977
0.7843091334894613,1.7334328340288194
0.7845433255269321,1.7356067645049245
0.7847775175644027,1.7358458637264031
0.7850117096018736,1.7716417508316304
0.7852459016393443,1.7699979627895523
0.785480093676815,1.768063259281719
0.7857142857142857,1.7662738961153608
0.7859484777517565,1.7662020878803566
0.7861826697892271,1.7661063006339812
0.7864168618266979,1.7737495550592992
0.7866510538641686,1.7734360753705154
0.7868852459016393,1.7764676439733098
0.78711943793911,1.776008073387107
0.7873536299765808,1.7759142538903603
0.7875878220140515,1.777299916145991
0.7878220140515223,1.7754721974498326
0.7880562060889931,1.7770236983500094
0.7882903981264637,1.7758063041707197
0.7885245901639345,1.778111506155105
0.7887587822014052,1.776519309286349
0.7889929742388759,1.7776638161672182
0.7892271662763466,1.776047512414103
0.7894613583138174,1.777810459301681
0.789695550351288,1.7759219193617914
0.7899297423887588,1.778109136897051
0.7901639344262295,1.77703644271535
0.7903981264637003,1.778836432673225
0.790632318501171,1.777067627318701
0.7908665105386418,1.7845908458720696
0.7911007025761124,1.7873681878408574
0.7913348946135832,1.8022689552502702
0.7915690866510539,1.805105943081767
0.7918032786885246,1.8458563411662403
0.7920374707259953,1.8439410722300211
0.7922716627634661,1.8454604160659331
0.7925058548009367,1.8435312246921671
0.7927400468384075,1.8455305688578696
0.7929742388758781,1.844464790889054
0.793208430913349,1.8461488659153762
0.7934426229508197,1.8464878211924112
0.7936768149882905,1.8480578217298316
0.7939110070257611,1.8460766588461395
0.7941451990632319,1.8477216666856382
0.7943793911007025,1.8458260174586272
0.7946135831381733,1.8477693292698742
0.794847775175644,1.846302678520278
0.7950819672131147,1.8481383313215494
0.7953161592505854,1.8472791858884596
0.7955503512880562,1.8571493969492334
0.7957845433255268,1.8572243769441628
0.7960187353629977,1.8570721337353715
0.7962529274004684,1.8541246077011702
0.7964871194379392,1.8540901371180367
0.7967213114754098,1.8516584596987242
0.7969555035128806,1.851175630770912
0.7971896955503514,1.852131303072657
0.797423887587822,1.8516237972082883
0.7976580796252928,1.852791985295343
0.7978922716627634,1.8512004212670168
0.7981264637002342,1.8510174952916476
0.7983606557377049,1.855126224664134
0.7985948477751758,1.8540712390226037
0.7988290398126464,1.8521331605379936
0.7990632318501172,1.8513570378843067
0.7992974238875878,1.8497237184347113
0.7995316159250586,1.8492742252484617
0.7997658079625293,1.8474251028040356
0.8,1.8485928294723217
0.8002341920374707,1.8471659465926236
0.8004683840749415,1.8490551740647094
0.8007025761124121,1.8473812692662035
0.8009367681498829,1.84923823219596
0.8011709601873536,1.8476972494866177
0.8014051522248244,1.8473298184317986
0.8016393442622951,1.8455047484990543
0.8018735362997659,1.8811879891521557
0.8021077283372365,1.880955315660246
0.8023419203747073,1.8828226586621881
0.802576112412178,1.8809259281339648
0.8028103044496487,1.8831145508746012
0.8030444964871194,1.8820018718228213
0.8032786885245902,1.8834056572925202
0.8035128805620608,1.881464175419639
0.8037470725995316,1.883311734526757
0.8039812646370023,1.883322736032202
0.8042154566744731,1.8842131345338538
0.8044496487119438,1.8824107412716486
0.8046838407494146,1.8830916526347237
0.8049180327868852,1.8816614656037196
0.805152224824356,1.8813768511604636
0.8053864168618267,1.881241587638775
0.8056206088992974,1.8823109501543873
0.8058548009367681,1.8819307070567313
0.8060889929742389,1.8817324118644816
0.8063231850117095,1.8845055436174545
0.8065573770491803,1.8843246799383622
0.806791569086651,1.884309114915574
0.8070257611241218,1.8842707351777728
0.8072599531615926,1.8864921902285392
0.8074941451990633,1.8845121523547346
0.807728337236534,1.886375530118894
0.8079625292740047,1.8846464016398614
0.8081967213114755,1.886427126679255
0.8084309133489461,1.8847322454389546
0.8086651053864169,1.8866088523107871
0.8088992974238876,1.8848830744943277
0.8091334894613583,1.8837585019524221
0.809367681498829,1.882045094211298
0.8096018735362999,1.8832936301265724
0.8098360655737705,1.8816460076420845
0.8100702576112413,1.8837138151754322
0.810304449648712,1.8819031224205196
0.8105386416861827,1.8836131099263003
0.8107728337236534,1.8824889267519902
0.8110070257611242,1.8843192126835313
0.8112412177985948,1.882691819574196
0.8114754098360656,1.8843285949547
0.8117096018735362,1.8824203826568129
0.811943793911007,1.8838870348367098
0.8121779859484777,1.8821080638072012
0.8124121779859486,1.8837529702534146
0.8126463700234192,1.8817912319086296
0.81288056206089,1.8832834874373978
0.8131147540983606,1.8814769321245297
0.8133489461358314,1.883921400121771
0.8135831381733021,1.882499282597317
0.8138173302107728,1.8842451904988395
0.8140515222482435,1.8822219905094406
0.8142857142857143,1.8842894317256353
0.8145199063231849,1.88232551915461
0.8147540983606557,1.8839657980604836
0.8149882903981264,1.8841649742549778
0.8152224824355973,1.8839739950429713
0.8154566744730679,1.8837544303963472
0.8156908665105387,1.8834187184928877
0.8159250585480093,1.8955420222693062
0.8161592505854801,1.8953460861676739
0.8163934426229508,1.9003962188541115
0.8166276346604215,1.9021406683237851
0.8168618266978923,1.9049564774088228
0.817096018735363,1.929327303138766
0.8173302107728337,1.9315292828285793
0.8175644028103044,1.9310192232924568
0.8177985948477753,1.93330610721998
0.8180327868852459,1.9321535158525067
0.8182669789227167,1.934263683672759
0.8185011709601874,1.9388749543382398
0.8187353629976581,1.9409204838504204
0.8189695550351288,1.9395000376547735
0.8192037470725996,1.9410105484798883
0.8194379391100702,1.9405458423066753
0.819672131147541,1.9411262936730391
0.8199063231850117,1.9393483746673257
0.8201405152224824,1.9676424037628661
0.8203747072599531,1.9663394472473013
0.820608899297424,1.973045049930955
0.8208430913348946,1.9709649601441288
0.8210772833723654,1.9728189027707324
0.8213114754098361,1.9707145799346264
0.8215456674473068,1.9728610154467858
0.8217798594847775,1.971883630186403
0.8220140515222483,1.9847217819462273
0.8222482435597189,1.984964237130436
0.8224824355971897,1.9885107125934294
0.8227166276346604,1.986976789522641
0.8229508196721311,1.9888797652746155
0.8231850117096018,1.9870385913635915
0.8234192037470727,1.9894324626835311
0.8236533957845433,2.007148039851959
0.8238875878220141,2.0083837902258685
0.8241217798594848,2.0064349486427084
0.8243559718969555,2.006367316899101
0.8245901639344262,2.0061972352400437
0.824824355971897,2.0073419586391035
0.8250585480093676,2.014552631716338
0.8252927400468384,2.013872335435812
0.825526932084309,2.013175232454065
0.8257611241217798,2.0137003403759133
0.8259953161592505,2.0133216652815533
0.8262295081967214,2.013503516462704
0.8264637002341921,2.0156408929202727
0.8266978922716628,2.0959514898917537
0.8269320843091336,2.0981788647198516
0.8271662763466042,2.0990270856761972
0.827400468384075,2.101196405636604
0.8276346604215457,2.099001333830508
0.8278688524590164,2.101208549905095
0.8281030444964871,2.1312612109952798
0.8283372365339579,2.1337945406083083
0.8285714285714285,2.131519148909355
0.8288056206088994,2.137162185024856
0.8290398126463701,2.134906792621363
0.8292740046838408,2.13743186985735
0.8295081967213115,2.1354067355947093
0.8297423887587823,2.1359151080321097
0.8299765807962529,2.135807515053291
0.8302107728337237,2.138314350089181
0.8304449648711943,2.1361518404831656
0.8306791569086651,2.1393575224985457
0.8309133489461358,2.145027994574712
0.8311475409836065,2.1470072077754745
0.8313817330210772,2.1453655123151463
0.8316159250585481,2.147284841576123
0.8318501170960187,2.150599833410919
0.8320843091334895,2.152709380540309
0.8323185011709602,2.1506701628004063
0.832552693208431,2.1526382951650764
0.8327868852459016,2.150398429162032
0.8330210772833724,2.1527804670485957
0.833255269320843,2.150711230904056
0.8334894613583138,2.157682731435581
0.8337236533957845,2.157120155693345
0.8339578454332552,2.157182486650314
0.8341920374707259,2.1571697243606387
0.8344262295081968,2.1579832089768947
0.8346604215456674,2.1580686238741524
0.8348946135831382,2.1600549881265483
0.8351288056206089,2.1600454077739886
0.8353629976580796,2.182942764047978
0.8355971896955503,2.1829524940712273
0.8358313817330211,2.1830187020630056
0.8360655737704918,2.1851842725412474
0.8362997658079625,2.18293672741018
0.8365339578454333,2.1851091295996765
0.8367681498829039,2.1827697994397846
0.8370023419203748,2.182735558261815
0.8372365339578455,2.180498558519964
0.8374707259953162,2.1799716610128166
0.8377049180327869,2.1777844830229744
0.8379391100702577,2.179858703020225
0.8381733021077283,2.1777211684551627
0.8384074941451991,2.1826757408471873
0.8386416861826698,2.180836757305084
0.8388758782201405,2.183306346859298
0.8391100702576112,2.183227677568167
0.839344262295082,2.1902436842542667
0.8395784543325526,2.1881445631810093
0.8398126463700235,2.1903430076106822
0.8400468384074942,2.1884976061227874
0.8402810304449649,2.1908425565533483
0.8405152224824356,2.1885317532164015
0.8407494145199064,2.190964601922247
0.840983606557377,2.188706973879737
0.8412177985948478,2.1907227025086935
0.8414519906323185,2.1884761910029966
0.8416861826697892,2.1878211798408707
0.8419203747072599,2.1858954359964127
0.8421545667447307,2.1838183451380244
0.8423887587822013,2.1815174411273266
0.8426229508196722,2.18483433341879
0.8428571428571429,2.1824709493526497
0.8430913348946136,2.1849189086658263
0.8433255269320843,2.1826015504544176
0.8435597189695551,2.182386368780128
0.8437939110070257,2.1818264811823758
0.8440281030444965,2.1785799575638087
0.8442622950819672,2.1777084582688593
0.8444964871194379,2.177872340882663
0.8447306791569086,2.1781031970032747
0.8449648711943794,2.1780564292894877
0.84519906323185,2.178153566829035
0.8454332552693209,2.1780761126635255
0.8456674473067917,2.175782842761827
0.8459016393442623,2.1735126503322912
0.8461358313817331,2.1750791382105126
0.8463700234192038,2.1727912720386593
0.8466042154566745,2.1742651867167173
0.8468384074941452,2.172101849396158
0.847072599531616,2.1732465459920274
0.8473067915690866,2.171121925514426
0.8475409836065574,2.172982936561801
0.847775175644028,2.1708628989501544
0.8480093676814989,2.1728984168136454
0.8482435597189696,2.1738530705476484
0.8484777517564404,2.1752249449116032
0.848711943793911,2.1730975291145365
0.8489461358313818,2.171316278086885
0.8491803278688524,2.169187050587974
0.8494145199063232,2.171206590395498
0.8496487119437939,2.168979606670113
0.8498829039812646,2.1701087775405363
0.8501170960187353,2.1679458474677546
0.8503512880562061,2.179288819353752
0.8505854800936767,2.1771061524052118
0.8508196721311476,2.178877575555591
0.8510538641686183,2.176599516985985
0.851288056206089,2.0831076373476165
0.8515222482435597,2.080904868903859
0.8517564402810305,2.013535466806954
0.8519906323185011,2.011556209479906
0.8522248243559719,2.009107078909207
0.8524590163934426,2.007086740175469
0.8526932084309133,2.009233437612282
0.852927400468384,2.009200681163566
0.8531615925058548,2.0113568755601974
0.8533957845433254,2.010244726903868
0.8536299765807963,2.009321551505025
0.853864168618267,2.009220540965911
0.8540983606557377,2.00892395156051
0.8543325526932084,2.0089686445238777
0.8545667447306792,2.009017328784458
0.8548009367681498,2.0088445608104935
0.8550351288056206,2.0083001714677384
0.8552693208430914,2.0094440586822775
0.855503512880562,2.0073861569452283
0.8557377049180328,2.009400642581777
0.8559718969555035,2.0073937157050827
0.8562060889929743,2.0014822232935594
0.856440281030445,1.9995287426727022
0.8566744730679158,2.0017175928097397
0.8569086651053864,1.9996123036714561
0.8571428571428572,2.0016823670505515
0.8573770491803279,1.9997230430733774
0.8576112412177986,2.0012851507981013
0.8578454332552693,1.9992051077508155
0.8580796252927401,2.0012012611160754
0.8583138173302107,1.9991805925268473
0.8585480093676815,2.0008120005889185
0.8587822014051522,1.9988609346324517
0.859016393442623,1.9931723450515118
0.8592505854800937,1.9913797776559123
0.8594847775175645,1.9940209646109681
0.8597189695550351,1.991967331831804
0.8599531615925059,1.993618746917478
0.8601873536299766,1.9915284918724234
0.8604215456674473,1.9888113892902177
0.860655737704918,1.9867524026395917
0.8608899297423888,1.9893310184797692
0.8611241217798594,1.988190680961958
0.8613583138173302,1.9909030821554474
0.8615925058548008,1.9892008182671526
0.8618266978922717,2.0051537939981885
0.8620608899297424,2.003018047443557
0.8622950819672132,2.003726538757357
0.8625292740046838,2.0016391230544754
0.8627634660421546,2.00053240383275
0.8629976580796253,2.0149850566469185
0.863231850117096,2.0144227498475447
0.8634660421545667,2.014573677275085
0.8637002341920375,2.014680728040658
0.8639344262295081,2.0147918466074213
0.8641686182669789,2.015201704529627
0.8644028103044495,2.014613044087703
0.8646370023419204,2.0146350727140323
0.8648711943793912,2.0159960009165037
0.8651053864168619,2.0139301675159866
0.8653395784543326,2.0156952811688558
0.8655737704918033,2.013568886108342
0.8658079625292741,1.9893885898721027
0.8660421545667447,1.9872588417033086
0.8662763466042155,1.9878911030294477
0.8665105386416861,1.985793620986255
0.8667447306791569,1.991829245854165
0.8669789227166276,1.9897085308663143
0.8672131147540985,1.991840200199772
0.8674473067915691,1.9904853434758525
0.8676814988290399,1.9794725307390713
0.8679156908665105,1.9774408827972707
0.8681498829039813,1.979561378421817
0.868384074941452,1.9775451099313823
0.8686182669789227,1.9793776089543524
0.8688524590163934,1.9773170954830668
0.8690866510538642,1.97942093531476
0.8693208430913348,1.977590681815618
0.8695550351288056,1.9794228090767119
0.8697892271662763,1.9774642384598111
0.8700234192037472,1.979210173600865
0.8702576112412178,1.9771569333000223
0.8704918032786886,1.9796864418248488
0.8707259953161592,1.977797270253603
0.87096018735363,1.9799521606484907
0.8711943793911007,1.977898039817389
0.8714285714285714,1.9799632402182454
0.8716627634660421,1.9778562713468786
0.8718969555035129,1.9798962304078747
0.8721311475409835,1.9780630597115063
0.8723653395784543,1.9801243193024667
0.872599531615925,1.9781094601146354
0.8728337236533958,1.9807313638411304
0.8730679156908665,1.981375750123705
0.8733021077283373,1.9692483535953482
0.8735362997658079,1.9749911647510885
0.8737704918032787,1.9749497341689837
0.8740046838407494,1.975052586962648
0.8742388758782201,1.9742670164705391
0.8744730679156909,1.9754499035189579
0.8747072599531616,1.9736741192799176
0.8749414519906323,1.9752484976697708
0.875175644028103,1.9823755756023962
0.8754098360655739,1.98420409365486
0.8756440281030445,1.9823626020398353
0.8758782201405153,1.9822259447004533
0.876112412177986,1.980513242338196
0.8763466042154567,1.9561637945014314
0.8765807962529274,1.9544119740830252
0.8768149882903982,1.956013380244344
0.8770491803278688,1.9544832612348761
0.8772833723653396,1.906978730662446
0.8775175644028103,1.9053409887917765
0.877751756440281,1.8698989850394048
0.8779859484777517,1.8683544363589593
0.8782201405152226,1.8703488554890633
0.8784543325526932,1.868898702594234
0.878688524590164,1.788592384160832
0.8789227166276347,1.7876064998260537
0.8791569086651054,1.789396141546267
0.8793911007025761,1.7882336705779367
0.8796252927400469,1.7892936688386902
0.8798594847775175,1.7876079090086023
0.8800936768149883,1.7811380968468487
0.880327868852459,1.7793076762080238
0.8805620608899297,1.7801374686072835
0.8807962529274004,1.7782137234951567
0.8810304449648713,1.7715707320855985
0.8812646370023419,1.770123896096356
0.8814988290398127,1.7740447569616915
0.8817330210772834,1.7728713900048685
0.8819672131147541,1.7746438600271548
0.8822014051522248,1.772961280172633
0.8824355971896956,1.7731940899316345
0.8826697892271662,1.7946579986463649
0.882903981264637,1.7947639207430708
0.8831381733021076,1.793330449522792
0.8833723653395784,1.779466517498851
0.8836065573770491,1.7745338001699702
0.88384074941452,1.7664674487278562
0.8840749414519906,1.835888299878725
0.8843091334894614,1.8838988095490115
0.8845433255269322,1.8839542810475696
0.8847775175644028,1.8820837847326857
0.8850117096018736,1.8844517348347625
0.8852459016393442,1.8826071019213064
0.885480093676815,1.8843264941954554
0.8857142857142857,1.8825283008514049
0.8859484777517564,1.8831767313851855
0.8861826697892271,1.8847423814745816
0.886416861826698,1.8867464306623536
0.8866510538641686,1.8849020077530148
0.8868852459016394,1.885618411892967
0.8871194379391101,1.8840457050822284
0.8873536299765808,1.886165834671946
0.8875878220140515,1.8842046141644762
0.8878220140515223,1.885612421027896
0.8880562060889929,1.8848064047874384
0.8882903981264637,1.8889459535854745
0.8885245901639344,1.8869620672189078
0.8887587822014051,1.8886192260217116
0.8889929742388758,1.8876363033996282
0.8892271662763467,1.889368939428109
0.8894613583138173,1.8873886677808807
0.8896955503512881,1.8886536892767276
0.8899297423887588,1.886687043569135
0.8901639344262295,1.887745408729155
0.8903981264637002,1.8858074244105207
0.890632318501171,1.8820409588740636
0.8908665105386416,1.8800665279022966
0.8911007025761124,1.8817440611271947
0.8913348946135831,1.879806524437112
0.8915690866510538,1.8801287878818456
0.8918032786885245,1.8784925632009963
0.8920374707259954,1.882705759123328
0.892271662763466,1.8828337954099852
0.8925058548009368,1.8820779600783766
0.8927400468384075,1.8823008104507195
0.8929742388758782,1.882089059259362
0.8932084309133489,1.8819194897550038
0.8934426229508197,1.8823947611725609
0.8936768149882903,1.8824634451866162
0.8939110070257611,1.888048671366042
0.8941451990632319,1.8900839562897194
0.8943793911007025,1.8882835076217273
0.8946135831381734,1.8900807819097982
0.8948477751756441,1.8881888801538111
0.8950819672131148,1.8899822638693078
0.8953161592505855,1.8880502511357204
0.8955503512880564,1.8898614913811347
0.895784543325527,1.88992526113881
0.8960187353629977,1.8894779866126217
0.8962529274004684,1.9059171265681203
0.896487119437939,1.9058797311523483
0.8967213114754097,1.905630841597005
0.8969555035128806,1.9067885344050037
0.8971896955503512,1.905141781484289
0.8974238875878221,1.9070508734422313
0.8976580796252928,1.9050605103738216
0.8978922716627634,1.905107889437958
0.8981264637002341,1.9071040359777116
0.898360655737705,1.9066702252369567
0.8985948477751756,1.9049355247547475
0.8988290398126465,1.9186559361161062
0.8990632318501172,1.9199999594290615
0.8992974238875878,1.9217605332522028
0.8995316159250585,2.0067083298619455
0.8997658079625293,2.055789303244808
0.8999999999999999,2.0536497925616857
0.9002341920374709,2.0551320847514942
0.9004683840749416,2.055144690005364
0.9007025761124122,2.0553283723833395
0.9009367681498829,2.053227425619475
0.9011709601873535,2.0534319420142175
0.9014051522248242,2.0530000851642947
0.9016393442622951,2.05296080357392
0.9018735362997659,2.0544788261676463
0.9021077283372365,2.052484642552807
0.9023419203747072,2.052736611700197
0.9025761124121778,2.052646871624606
0.9028103044496485,2.052558324316767
0.9030444964871195,2.052399362586841
0.9032786885245901,2.0520895568520374
0.903512880562061,2.04407860644008
0.9037470725995317,2.0445502625283596
0.9039812646370022,2.0432102851478158
0.9042154566744731,2.045252284403209
0.9044496487119438,2.0435181533153277
0.9046838407494147,2.043433971941545
0.9049180327868853,2.043416006899478
0.905152224824356,2.0443478425839303
0.9053864168618266,2.042726835653587
0.9056206088992974,2.0428584919012067
0.9058548009367682,2.0440094285979464
0.9060889929742391,1.9689055716227106
0.9063231850117097,1.9683245777167546
0.9065573770491804,1.968462260770587
0.906791569086651,1.9669423321281465
0.9070257611241217,1.9651529228511497
0.9072599531615924,1.9659531071139273
0.9074941451990632,1.9679527097827272
0.9077283372365339,1.9660263051660192
0.9079625292740047,1.967384194443397
0.9081967213114753,1.9694562359054035
0.9084309133489461,1.97060666351363
0.9086651053864168,1.970559900107583
0.9088992974238876,1.972613438053352
0.9091334894613583,1.9923827556098976
0.9093676814988292,1.9893409285351586
0.9096018735362998,1.9898159421521822
0.9098360655737705,1.989770634711003
0.9100702576112412,1.988137579131995
0.9103044496487119,2.007897057053002
0.9105386416861826,2.006186799055703
0.9107728337236535,2.0062616870866856
0.9110070257611242,2.006093574598166
0.9112412177985949,2.0048359841817622
0.9114754098360656,2.076565291704505
0.9117096018735362,2.069805554289059
0.9119437939110069,2.0768213683958474
0.9121779859484778,2.0757457955713194
0.9124121779859485,2.079964071348617
0.9126463700234192,2.0787345820867373
0.9128805620608899,2.0787204053786223
0.9131147540983605,2.07764462492025
0.9133489461358314,2.081371543705099
0.9135831381733021,2.0812177192467254
0.913817330210773,2.087818960862901
0.9140515222482437,2.0877134239871338
0.9142857142857144,2.180869621669351
0.914519906323185,2.1789579594635287
0.9147540983606558,2.178660596659066
0.9149882903981265,2.176370999866829
0.9152224824355973,2.2369066647780818
0.915456674473068,2.2363589008142535
0.9156908665105387,2.2362742904767727
0.9159250585480093,2.2378098939935898
0.91615925058548,2.237797931681544
0.9163934426229506,2.239211344867213
0.9166276346604217,2.3082581655567487
0.9168618266978924,2.3881476584169468
0.9170960187353631,2.389575065924408
0.9173302107728337,2.3871219821305116
0.9175644028103044,2.387097737894548
0.917798594847775,2.393026330570782
0.9180327868852459,2.395628249725399
0.9182669789227166,2.394094144994769
0.9185011709601874,2.3963498186632983
0.918735362997658,2.3937823817542094
0.9189695550351287,2.3945498024299514
0.9192037470725993,2.394814331909826
0.9194379391100703,2.397475223087567
0.919672131147541,2.394872505341559
0.9199063231850119,2.386074524409546
0.9201405152224825,2.3715626699366954
0.9203747072599532,2.371530283976384
0.9206088992974238,2.3691811313671414
0.9208430913348946,2.366390159968141
0.9210772833723653,2.3619574655362245
0.9213114754098362,2.3639351219806906
0.9215456674473068,2.3638544351218918
0.9217798594847775,2.3613576523914914
0.9220140515222482,2.361595908790564
0.9222482435597189,2.3609802481319813
0.9224824355971896,2.360682141125159
0.9227166276346604,2.360698986563409
0.9229508196721312,2.3275745793764897
0.9231850117096019,2.325147607949655
0.9234192037470725,2.32480337620765
0.9236533957845432,2.324390597317036
0.9238875878220141,2.3097006859923885
0.9241217798594847,2.307552651798039
0.9243559718969556,2.30965889045781
0.9245901639344264,2.3092681908803945
0.924824355971897,2.3090997110786162
0.9250585480093677,2.306621816343339
0.9252927400468385,2.3087792677969534
0.9255269320843091,2.3063753409926893
0.92576112412178,2.308537539351654
0.9259953161592507,2.3075775055403556
0.9262295081967213,2.3085778088795337
0.926463700234192,2.306619990516582
0.9266978922716627,2.30809507803615
0.9269320843091333,2.3145118049790567
0.9271662763466043,2.318649278725202
0.9274004683840751,2.3322521932331597
0.9276346604215457,2.3330051015660787
0.9278688524590164,2.3308781692416827
0.9281030444964871,2.3317696223953663
0.9283372365339577,2.331795880332978
0.9285714285714286,2.334184030779676
0.9288056206088993,2.3317374760087315
0.92903981264637,2.3339180852068275
0.9292740046838407,2.357375416289291
0.9295081967213114,2.3571926615629977
0.929742388758782,2.356640127693853
0.9299765807962529,2.3522944637012797
0.9302107728337237,2.3500725780578677
0.9304449648711945,2.3433196349930157
0.9306791569086652,2.344582761458093
0.9309133489461359,2.3421782658479295
0.9311475409836065,2.3472998822671256
0.9313817330210773,2.3470172406550818
0.931615925058548,2.3470743917541945
0.9318501170960188,2.349659547368019
0.9320843091334895,2.351963763035091
0.9323185011709602,2.350231162225449
0.9325526932084308,2.365471929826413
0.9327868852459015,2.365787697169483
0.9330210772833725,2.3698455252484325
0.9332552693208431,2.3678628593122184
0.9334894613583139,2.3701609596569893
0.9337236533957846,2.3677139934201734
0.9339578454332552,2.3105789192503616
0.9341920374707259,2.3106241221904003
0.9344262295081968,2.312148069749015
0.9346604215456674,2.3098550148276313
0.9348946135831383,2.3110865081789003
0.935128805620609,2.316961342396097
0.9353629976580796,2.317064735679473
0.9355971896955503,2.316219833390804
0.9358313817330212,2.318473974797626
0.9360655737704918,2.3160891727039594
0.9362997658079627,2.2685280224325437
0.9365339578454334,2.2690213553087752
0.936768149882904,2.2690728343688065
0.9370023419203747,2.2669005576668178
0.9372365339578453,2.2670141943270217
0.937470725995316,2.267211597391882
0.937704918032787,2.269795165295919
0.9379391100702577,2.2717539646444247
0.9381733021077283,2.2716947875061355
0.9384074941451991,2.2692660391753616
0.9386416861826697,2.269414725286195
0.9388758782201404,2.2693538815117793
0.9391100702576113,2.2792055683330803
0.9393442622950819,2.276882823440897
0.9395784543325528,2.2706762789298485
0.9398126463700234,2.308275194610305
0.940046838407494,2.298610301656804
0.9402810304449647,2.298830629680595
0.9405152224824356,2.298847789559581
0.9407494145199062,2.2990348584459652
0.9409836065573772,2.303424135587379
0.9412177985948479,2.3034308747852976
0.9414519906323185,2.300989226717528
0.9416861826697892,2.301223184972053
0.94192037470726,2.3009236021301125
0.9421545667447309,2.3030840877109737
0.9423887587822015,2.3029903309450854
0.9426229508196722,2.30325546847216
0.9428571428571428,2.3009110365983223
0.9430913348946135,2.3008369688465273
0.9433255269320842,2.3009601712285526
0.943559718969555,2.3018816594175022
0.9437939110070257,2.2995816304430163
0.9440281030444966,2.3002859963847984
0.9442622950819672,2.298259367697645
0.9444964871194379,2.2983936245807595
0.9447306791569086,2.298557395208567
0.9449648711943794,2.299310566024995
0.9451990632318501,2.37152085276359
0.945433255269321,2.373700253694037
0.9456674473067916,2.37276639373302
0.9459016393442623,2.3702809685491224
0.946135831381733,2.368598439165793
0.9463700234192037,2.37579226982352
0.9466042154566744,2.3736095671601114
0.9468384074941454,2.410568116374206
0.947072599531616,2.410460896885532
0.9473067915690867,2.410659688805137
0.9475409836065574,2.408571702207454
0.947775175644028,2.4971420262183246
0.9480093676814987,2.4977331023725022
0.9482435597189697,2.496368037146318
0.9484777517564403,2.4482523531309766
0.948711943793911,2.4480446996191034
0.9489461358313817,2.44566761430027
0.9491803278688523,2.4829689967322213
0.949414519906323,2.482280096411364
0.949648711943794,2.4675501194657055
0.9498829039812646,2.464958630195028
0.9501170960187355,2.453863980357105
0.9503512880562061,2.4513203960793675
0.9505854800936767,2.451499213741796
0.9508196721311474,2.451117053280046
0.9510538641686183,2.449771868732174
0.9512880562060889,2.4493457407855104
0.9515222482435598,2.4515610769747087
0.9517564402810305,2.449859191885511
0.9519906323185011,2.4473163032096257
0.9522248243559719,2.4467883847333978
0.9524590163934427,2.4461229549188372
0.9526932084309135,2.448580604206131
0.9529274004683842,2.448622653799364
0.9531615925058549,2.4487294193322433
0.9533957845433255,2.446276456504803
0.9536299765807962,2.4465047150947776
0.9538641686182668,2.440936260345238
0.9540983606557377,2.443640887097744
0.9543325526932084,2.4410603963175106
0.9545667447306792,2.4447661073806555
0.9548009367681498,2.44222042915719
0.9550351288056206,2.444055223109467
0.9552693208430912,2.4445685365203884
0.9555035128805621,2.4471852761452224
0.9557377049180328,2.445093050891775
0.9559718969555037,2.4471821061443655
0.9562060889929743,2.447229431029484
0.956440281030445,2.4474488811789024
0.9566744730679156,2.450649674174619
0.9569086651053864,2.4525533020304495
0.9571428571428571,2.4515289408646352
0.9573770491803281,2.453772057627708
0.9576112412177987,2.4539806269057123
0.9578454332552694,2.454163194240591
0.95807962529274,2.4514877466373366
0.9583138173302107,2.401318419123873
0.9585480093676814,2.400981568613632
0.9587822014051522,2.4027732085370723
0.959016393442623,2.4026804058818096
0.9592505854800937,2.40224585371007
0.9594847775175643,2.399692845306422
0.959718969555035,2.3993925340995546
0.9599531615925057,2.398912598069088
0.9601873536299765,2.39893509647871
0.9604215456674473,2.399333726704744
0.9606557377049182,2.4004614782463447
0.9608899297423887,2.397950870572613
0.9611241217798594,2.3987680066799584
0.9613583138173301,2.3963973956507636
0.9615925058548009,2.397228584842059
0.9618266978922718,2.3969802950720323
0.9620608899297425,2.3956180684796125
0.9622950819672131,2.395669036176342
0.9625292740046838,2.3946134370601553
0.9627634660421545,2.3950912815071503
0.9629976580796251,2.3965865573422285
0.9632318501170962,2.3989482587791837
0.9634660421545669,2.398937337972818
0.9637002341920375,2.3989860758851695
0.9639344262295082,2.396636988838752
0.9641686182669789,2.3967026837008243
0.9644028103044495,2.3970104823043763
0.9646370023419204,2.399194042086375
0.9648711943793911,2.396794332991411
0.9651053864168618,2.3991690342803613
0.9653395784543325,2.398726380757645
0.9655737704918032,2.398779154074516
0.9658079625292738,2.400242510077192
0.9660421545667448,2.4023039301424896
0.9662763466042155,2.399839463664342
0.9665105386416863,2.3997539113413207
0.966744730679157,2.3996471427823223
0.9669789227166277,2.399573293517301
0.9672131147540983,2.400440179366442
0.9674473067915691,2.398938905305492
0.9676814988290398,2.3964103149998497
0.9679156908665106,2.3943466124708173
0.9681498829039813,2.380788056750911
0.968384074941452,2.380964145578618
0.9686182669789227,2.378686938569333
0.9688524590163934,2.378564690429326
0.969086651053864,2.3788835990130712
0.9693208430913349,2.3813086248206283
0.9695550351288057,2.3813997504605044
0.9697892271662764,2.378894358562384
0.970023419203747,2.378882180881458
0.9702576112412177,2.3788663049407464
0.9704918032786883,2.3787805306280196
0.9707259953161592,2.3786305902740654
0.9709601873536299,2.3736827809324024
0.9711943793911009,2.3761440510737892
0.9714285714285715,2.3759547962092413
0.9716627634660421,2.373583074758552
0.971896955503513,2.4460952801113987
0.9721311475409836,2.444398148214127
0.9723653395784545,2.4043616901841136
0.9725995316159252,2.4036341324230897
0.9728337236533958,2.403617749363306
0.9730679156908665,2.401018771006624
0.9733021077283371,2.4012047100204077
0.9735362997658079,2.4017312511448643
0.9737704918032788,2.403356955488415
0.9740046838407496,2.4033738725242526
0.9742388758782202,2.403021289139093
0.9744730679156909,2.400532899317621
0.9747072599531615,2.3924674286426675
0.9749414519906322,2.3936697883844738
0.9751756440281031,2.396400552996023
0.9754098360655737,2.393949229045286
0.9756440281030445,2.394319757395677
0.9758782201405152,2.392072786151588
0.9761124121779858,2.477053107068756
0.9763466042154565,2.476786410664856
0.9765807962529274,2.477162212330688
0.9768149882903981,2.476060484648909
0.977049180327869,2.40363359231265
0.9772833723653397,2.40346430997304
0.9775175644028103,2.403037229265889
0.977751756440281,2.400658928089768
0.9779859484777518,2.4018291548081585
0.9782201405152224,2.399296127370929
0.9784543325526933,2.4005853214260666
0.978688524590164,2.398672936087067
0.9789227166276346,2.3961949786792487
0.9791569086651053,2.3948621526523364
0.979391100702576,2.3962843818457547
0.9796252927400466,2.396225882853118
0.9798594847775176,2.399372561457357
0.9800936768149884,2.4014063845258726
0.980327868852459,2.398833753634577
0.9805620608899297,2.398156141182422
0.9807962529274004,2.3980810700621706
0.9810304449648712,2.4006736538200926
0.9812646370023419,2.3984260462876494
0.9814988290398128,2.400807856129592
0.9817330210772834,2.400160521313119
0.9819672131147541,2.3980331467324665
0.9822014051522246,2.395501311044432
0.9824355971896956,2.3978683318964724
0.9826697892271663,2.395957268726323
0.9829039812646372,2.3984240125544556
0.9831381733021078,2.398021417384986
0.9833723653395785,2.402466655366405
0.9836065573770492,2.4000015147954734
0.9838407494145198,2.4028950769274653
0.9840749414519905,2.402745667817468
0.9843091334894615,2.4049010498215293
0.9845433255269321,2.405345126389194
0.9847775175644028,2.404901340233399
0.9850117096018736,2.402391999143796
0.9852459016393442,2.4024078823764388
0.9854800936768149,2.4165429888564964
0.9857142857142858,2.3608958174918895
0.9859484777517564,2.3586748673698064
0.9861826697892272,2.355062668521813
0.9864168618266979,2.3615011874446723
0.9866510538641685,2.354523698566228
0.9868852459016392,2.3521279338679366
0.9871194379391101,2.3544762396655
0.9873536299765807,2.3527482732752194
0.9875878220140517,2.363015190067984
0.9878220140515224,2.363917881165457
0.988056206088993,2.3634851395933016
0.9882903981264637,2.3618448522152304
0.9885245901639345,2.364125455594433
0.9887587822014051,2.364275076723306
0.988992974238876,2.3662969463354684
0.9892271662763467,2.366322769259635
0.9894613583138173,2.3641568846550185
0.989695550351288,2.363976052542955
0.9899297423887586,2.3642044391875645
0.9901639344262293,2.3643169173100342
0.9903981264637002,2.3639544928028298
0.9906323185011711,2.366422235204676
0.9908665105386417,2.364125945395767
0.9911007025761124,2.364163157529777
0.991334894613583,2.3640816675089273
0.9915690866510539,2.365250051279897
0.9918032786885246,2.372314033507362
0.9920374707259955,2.3746873807122886
0.9922716627634661,2.372417073524489
0.9925058548009368,2.3726532813601557
0.9927400468384074,2.3702093707932854
0.9929742388758782,2.3535024349078006
0.993208430913349,2.3519066447341337
0.9934426229508199,2.354467555534379
0.9936768149882905,2.354380701289403
0.9939110070257612,2.3543855144535124
0.9941451990632318,2.352395847551701
0.9943793911007025,2.352330535292619
0.9946135831381732,2.3520714581882247
0.9948477751756442,2.3537186102114864
0.9950819672131148,2.3530996473105663
0.9953161592505855,2.3540679971161347
0.9955503512880561,2.3515683582068756
0.9957845433255268,2.317787617341594
0.9960187353629975,2.317802789463569
0.9962529274004684,2.3191591958018622
0.9964871194379391,2.317084459539474
0.9967213114754099,2.3266009743208675
0.9969555035128805,2.325161846440269
0.9971896955503512,2.317011725781536
0.9974238875878219,2.3169170512775015
0.9976580796252927,2.3160216190561402
0.9978922716627634,2.314329368627743
0.9981264637002343,2.3276236228275606
0.9983606557377049,2.327589185023836
0.9985948477751756,2.3261493916106635
0.9988290398126464,2.3265902885062144
0.9990632318501171,2.3267199770085507
0.9992974238875878,2.326830086226759
0.9995316159250587,2.3285790139034734
0.9997658079625293,2.3472587680469945
1.0,2.344855645764062
